region,hero,map_name,map_type,win_rate,pick_rate
ASIA,ana,Dorado,,58.0,64.3
ASIA,ana,Route 66,,56.6,53.6
ASIA,ana,Eichenwalde,,55.8,45.0
ASIA,ana,Circuit Royal,,55.1,43.9
ASIA,ana,King's Row,,54.2,53.1
ASIA,ana,Havana,,53.9,50.3
ASIA,ana,Watchpoint: Gibraltar,,53.7,69.4
ASIA,ana,Samoa,,53.0,37.8
ASIA,ana,Paraíso,,52.9,47.4
ASIA,ana,Oasis,,52.8,35.1
ASIA,ana,Nepal,,52.7,37.6
ASIA,ana,Suravasa,,52.4,30.9
ASIA,ana,Busan,,52.3,40.2
ASIA,ana,Shambali Monastery,,52.3,42.0
ASIA,ana,New Queen Street,,52.0,41.5
ASIA,ana,Midtown,,51.2,47.8
ASIA,ana,Blizzard World,,50.7,49.5
ASIA,ana,Hollywood,,50.7,59.3
ASIA,ana,Runasapi,,49.9,32.6
ASIA,ana,Rialto,,49.4,59.1
ASIA,ana,Ilios,,48.1,44.0
ASIA,ana,Junkertown,,47.8,51.1
ASIA,ana,New Junk City,,46.6,28.7
ASIA,ana,Lijiang Tower,,46.5,35.1
ASIA,ana,Esperança,,45.1,37.8
ASIA,ana,Colosseo,,45.1,39.9
ASIA,ana,Numbani,,45.0,60.3
ASIA,ana,Aatlis,,44.3,21.8
US,ana,Junkertown,,60.7,37.2
US,ana,Paraíso,,58.7,31.5
US,ana,Havana,,57.3,36.0
US,ana,Busan,,55.2,20.1
US,ana,Dorado,,53.7,38.6
US,ana,Colosseo,,49.4,20.0
US,ana,Numbani,,49.3,36.6
US,ana,Rialto,,49.1,36.4
US,ana,Route 66,,48.6,27.9
US,ana,Runasapi,,48.3,14.2
US,ana,King's Row,,47.8,24.4
US,ana,Eichenwalde,,47.7,21.1
US,ana,Oasis,,47.6,14.5
US,ana,Nepal,,47.4,16.2
US,ana,Ilios,,46.8,17.1
US,ana,Shambali Monastery,,46.7,22.7
US,ana,New Queen Street,,46.6,19.9
US,ana,Watchpoint: Gibraltar,,46.3,37.5
US,ana,Midtown,,46.2,27.1
US,ana,Circuit Royal,,46.0,24.9
US,ana,Aatlis,,45.7,10.3
US,ana,Suravasa,,45.6,13.3
US,ana,Blizzard World,,45.5,26.0
US,ana,Lijiang Tower,,44.9,14.1
US,ana,Samoa,,44.8,20.1
US,ana,Hollywood,,44.4,31.0
US,ana,Esperança,,43.9,16.5
US,ana,New Junk City,,43.4,10.6
EU,ana,Route 66,,54.1,35.8
EU,ana,Rialto,,54.1,42.5
EU,ana,Blizzard World,,51.2,32.5
EU,ana,Dorado,,51.1,39.3
EU,ana,Junkertown,,50.8,42.1
EU,ana,Oasis,,49.7,16.6
EU,ana,Busan,,49.4,24.2
EU,ana,Eichenwalde,,49.4,25.1
EU,ana,Midtown,,49.4,26.6
EU,ana,Suravasa,,47.9,13.7
EU,ana,New Queen Street,,47.9,22.8
EU,ana,Samoa,,47.7,20.9
EU,ana,Esperança,,47.7,19.5
EU,ana,Ilios,,47.7,21.9
EU,ana,King's Row,,47.6,29.8
EU,ana,Shambali Monastery,,47.1,28.2
EU,ana,Havana,,47.1,39.5
EU,ana,Watchpoint: Gibraltar,,46.8,41.4
EU,ana,Colosseo,,46.3,24.6
EU,ana,Lijiang Tower,,44.9,16.7
EU,ana,Hollywood,,44.7,34.9
EU,ana,Nepal,,43.8,18.5
EU,ana,Circuit Royal,,43.6,31.6
EU,ana,Numbani,,43.5,34.8
EU,ana,Aatlis,,41.2,12.1
EU,ana,Runasapi,,40.7,16.4
EU,ana,New Junk City,,40.1,12.8
EU,ana,Paraíso,,39.6,46.2
ASIA,kiriko,Route 66,,55.8,30.2
ASIA,kiriko,Aatlis,,54.1,56.6
ASIA,kiriko,Eichenwalde,,52.3,37.5
ASIA,kiriko,Hollywood,,52.2,32.1
ASIA,kiriko,Lijiang Tower,,52.2,51.1
ASIA,kiriko,Esperança,,52.1,54.0
ASIA,kiriko,New Junk City,,51.9,58.8
ASIA,kiriko,Busan,,51.7,50.0
ASIA,kiriko,Ilios,,50.8,50.4
ASIA,kiriko,Samoa,,50.6,45.4
ASIA,kiriko,Rialto,,49.7,32.2
ASIA,kiriko,Suravasa,,49.4,56.9
ASIA,kiriko,King's Row,,49.3,34.9
ASIA,kiriko,Watchpoint: Gibraltar,,49.1,36.9
ASIA,kiriko,Shambali Monastery,,48.6,33.3
ASIA,kiriko,Junkertown,,48.5,24.2
ASIA,kiriko,Midtown,,48.4,37.4
ASIA,kiriko,Numbani,,48.1,40.1
ASIA,kiriko,Blizzard World,,47.9,41.0
ASIA,kiriko,Runasapi,,47.6,54.8
ASIA,kiriko,Nepal,,47.0,47.3
ASIA,kiriko,New Queen Street,,46.9,50.4
ASIA,kiriko,Colosseo,,46.8,47.7
ASIA,kiriko,Oasis,,45.6,49.2
ASIA,kiriko,Circuit Royal,,45.0,7.9
ASIA,kiriko,Dorado,,42.6,35.0
ASIA,kiriko,Paraíso,,38.9,34.9
ASIA,kiriko,Havana,,33.6,15.9
US,kiriko,New Queen Street,,52.5,54.1
US,kiriko,New Junk City,,51.5,56.7
US,kiriko,Lijiang Tower,,50.9,53.0
US,kiriko,Numbani,,49.9,46.8
US,kiriko,Oasis,,49.7,53.6
US,kiriko,Runasapi,,49.6,55.4
US,kiriko,Ilios,,49.6,54.3
US,kiriko,Rialto,,49.6,36.8
US,kiriko,Watchpoint: Gibraltar,,49.3,43.1
US,kiriko,Samoa,,49.0,48.7
US,kiriko,Esperança,,48.7,55.8
US,kiriko,Aatlis,,48.0,56.7
US,kiriko,Shambali Monastery,,47.9,39.8
US,kiriko,Midtown,,47.5,38.6
US,kiriko,Suravasa,,47.5,55.9
US,kiriko,Nepal,,47.0,49.8
US,kiriko,Colosseo,,46.9,49.2
US,kiriko,Junkertown,,46.5,36.2
US,kiriko,Route 66,,46.3,38.9
US,kiriko,King's Row,,46.2,40.5
US,kiriko,Hollywood,,46.2,41.8
US,kiriko,Busan,,45.2,54.2
US,kiriko,Blizzard World,,43.6,44.1
US,kiriko,Eichenwalde,,43.0,45.9
US,kiriko,Dorado,,42.2,40.0
US,kiriko,Paraíso,,39.1,40.9
US,kiriko,Havana,,39.0,27.0
US,kiriko,Circuit Royal,,37.6,19.9
EU,kiriko,Numbani,,52.2,45.5
EU,kiriko,New Junk City,,50.3,57.7
EU,kiriko,Aatlis,,50.1,59.6
EU,kiriko,New Queen Street,,49.3,54.1
EU,kiriko,Junkertown,,49.0,31.7
EU,kiriko,Nepal,,48.9,50.5
EU,kiriko,Blizzard World,,48.8,41.4
EU,kiriko,Runasapi,,48.7,55.9
EU,kiriko,Dorado,,48.5,42.6
EU,kiriko,Esperança,,48.3,55.4
EU,kiriko,Colosseo,,48.3,48.9
EU,kiriko,Suravasa,,48.2,58.0
EU,kiriko,Eichenwalde,,48.1,44.6
EU,kiriko,Watchpoint: Gibraltar,,48.1,43.4
EU,kiriko,Shambali Monastery,,47.9,36.2
EU,kiriko,King's Row,,47.9,39.5
EU,kiriko,Lijiang Tower,,47.8,55.8
EU,kiriko,Rialto,,47.6,34.6
EU,kiriko,Oasis,,47.1,54.0
EU,kiriko,Ilios,,47.1,52.9
EU,kiriko,Hollywood,,46.3,42.8
EU,kiriko,Samoa,,44.7,50.4
EU,kiriko,Midtown,,43.7,40.3
EU,kiriko,Busan,,43.3,51.2
EU,kiriko,Paraíso,,43.3,34.0
EU,kiriko,Circuit Royal,,43.1,19.3
EU,kiriko,Route 66,,42.8,36.8
EU,kiriko,Havana,,39.0,27.1
ASIA,mizuki,Dorado,,57.4,10.7
ASIA,mizuki,Rialto,,57.1,14.3
ASIA,mizuki,Junkertown,,55.0,11.6
ASIA,mizuki,Colosseo,,54.3,21.0
ASIA,mizuki,Samoa,,53.6,21.2
ASIA,mizuki,Numbani,,53.6,12.2
ASIA,mizuki,Esperança,,53.4,17.2
ASIA,mizuki,New Junk City,,53.4,20.5
ASIA,mizuki,Havana,,53.3,11.4
ASIA,mizuki,New Queen Street,,53.3,16.3
ASIA,mizuki,Eichenwalde,,52.0,16.2
ASIA,mizuki,Lijiang Tower,,52.0,19.2
ASIA,mizuki,Shambali Monastery,,51.6,18.2
ASIA,mizuki,Midtown,,51.5,15.7
ASIA,mizuki,Watchpoint: Gibraltar,,51.3,12.2
ASIA,mizuki,King's Row,,51.1,16.6
ASIA,mizuki,Runasapi,,50.2,19.8
ASIA,mizuki,Oasis,,50.2,21.5
ASIA,mizuki,Ilios,,50.1,17.5
ASIA,mizuki,Suravasa,,49.7,19.6
ASIA,mizuki,Aatlis,,48.6,25.9
ASIA,mizuki,Nepal,,48.6,18.4
ASIA,mizuki,Busan,,46.6,18.4
ASIA,mizuki,Route 66,,46.6,14.4
ASIA,mizuki,Circuit Royal,,44.5,6.6
ASIA,mizuki,Hollywood,,44.4,16.0
ASIA,mizuki,Paraíso,,44.2,15.6
ASIA,mizuki,Blizzard World,,44.1,15.4
US,mizuki,Junkertown,,58.6,9.9
US,mizuki,Aatlis,,55.4,20.5
US,mizuki,Esperança,,54.2,16.2
US,mizuki,Hollywood,,54.0,15.0
US,mizuki,Lijiang Tower,,53.4,16.3
US,mizuki,Oasis,,53.1,18.6
US,mizuki,Rialto,,52.9,13.7
US,mizuki,King's Row,,52.4,18.6
US,mizuki,New Junk City,,51.4,21.3
US,mizuki,Route 66,,50.5,16.1
US,mizuki,Suravasa,,50.3,18.5
US,mizuki,Watchpoint: Gibraltar,,50.1,14.2
US,mizuki,Havana,,50.1,9.6
US,mizuki,Ilios,,49.7,15.4
US,mizuki,Midtown,,49.7,17.2
US,mizuki,Colosseo,,49.4,17.9
US,mizuki,Runasapi,,49.0,17.0
US,mizuki,Eichenwalde,,48.7,18.8
US,mizuki,Circuit Royal,,48.5,10.5
US,mizuki,Shambali Monastery,,48.3,17.6
US,mizuki,Nepal,,47.9,15.9
US,mizuki,Busan,,47.1,15.6
US,mizuki,New Queen Street,,46.9,16.1
US,mizuki,Samoa,,46.5,16.2
US,mizuki,Dorado,,46.5,12.5
US,mizuki,Blizzard World,,45.0,15.5
US,mizuki,Numbani,,40.7,11.3
US,mizuki,Paraíso,,33.8,13.8
EU,mizuki,Paraíso,,74.6,9.9
EU,mizuki,Numbani,,56.2,12.2
EU,mizuki,Runasapi,,54.5,15.7
EU,mizuki,Ilios,,51.9,13.0
EU,mizuki,Aatlis,,51.4,20.6
EU,mizuki,Suravasa,,51.4,17.7
EU,mizuki,Hollywood,,51.2,13.8
EU,mizuki,New Junk City,,51.0,18.3
EU,mizuki,Samoa,,50.2,16.4
EU,mizuki,Blizzard World,,49.3,11.5
EU,mizuki,Colosseo,,48.9,14.9
EU,mizuki,Midtown,,48.7,14.2
EU,mizuki,Nepal,,48.4,15.6
EU,mizuki,Oasis,,47.8,17.2
EU,mizuki,Watchpoint: Gibraltar,,47.6,11.6
EU,mizuki,Eichenwalde,,46.8,15.6
EU,mizuki,Shambali Monastery,,46.2,15.6
EU,mizuki,Busan,,46.1,14.5
EU,mizuki,Circuit Royal,,45.9,7.5
EU,mizuki,Esperança,,45.6,14.8
EU,mizuki,Rialto,,45.5,12.2
EU,mizuki,Lijiang Tower,,44.8,13.7
EU,mizuki,King's Row,,44.3,14.6
EU,mizuki,New Queen Street,,44.3,14.7
EU,mizuki,Route 66,,43.0,13.8
EU,mizuki,Dorado,,42.9,10.9
EU,mizuki,Havana,,42.1,8.3
EU,mizuki,Junkertown,,40.6,12.4
ASIA,cassidy,Junkertown,,60.7,13.5
ASIA,cassidy,Circuit Royal,,53.9,5.7
ASIA,cassidy,Runasapi,,51.5,26.3
ASIA,cassidy,Blizzard World,,51.2,16.0
ASIA,cassidy,New Queen Street,,50.8,21.4
ASIA,cassidy,New Junk City,,50.7,28.2
ASIA,cassidy,Nepal,,49.6,24.7
ASIA,cassidy,Rialto,,49.6,15.2
ASIA,cassidy,Lijiang Tower,,49.2,28.2
ASIA,cassidy,Route 66,,49.2,20.6
ASIA,cassidy,Eichenwalde,,48.1,31.4
ASIA,cassidy,Aatlis,,47.9,29.0
ASIA,cassidy,Dorado,,47.7,22.7
ASIA,cassidy,Oasis,,47.4,38.2
ASIA,cassidy,Watchpoint: Gibraltar,,46.7,21.7
ASIA,cassidy,Esperança,,46.5,25.5
ASIA,cassidy,Paraíso,,46.5,21.5
ASIA,cassidy,King's Row,,46.4,20.8
ASIA,cassidy,Samoa,,46.1,30.7
ASIA,cassidy,Busan,,46.0,23.9
ASIA,cassidy,Colosseo,,45.9,23.7
ASIA,cassidy,Ilios,,45.8,27.0
ASIA,cassidy,Shambali Monastery,,45.4,16.6
ASIA,cassidy,Havana,,45.2,8.6
ASIA,cassidy,Hollywood,,42.8,23.2
ASIA,cassidy,Suravasa,,42.2,27.9
ASIA,cassidy,Midtown,,42.2,18.7
ASIA,cassidy,Numbani,,38.3,19.5
US,cassidy,Numbani,,53.3,19.8
US,cassidy,Watchpoint: Gibraltar,,53.2,18.1
US,cassidy,Aatlis,,52.6,29.4
US,cassidy,Runasapi,,52.2,23.6
US,cassidy,Blizzard World,,51.6,18.0
US,cassidy,Circuit Royal,,51.4,8.3
US,cassidy,Midtown,,50.7,16.3
US,cassidy,Route 66,,50.7,17.0
US,cassidy,New Junk City,,50.3,27.9
US,cassidy,Eichenwalde,,49.9,23.8
US,cassidy,Lijiang Tower,,49.5,25.0
US,cassidy,Samoa,,49.5,26.9
US,cassidy,Oasis,,49.3,33.5
US,cassidy,Nepal,,49.3,22.6
US,cassidy,Junkertown,,49.3,15.6
US,cassidy,Busan,,49.0,20.7
US,cassidy,Esperança,,48.6,20.8
US,cassidy,Shambali Monastery,,48.3,17.9
US,cassidy,Suravasa,,48.2,23.9
US,cassidy,King's Row,,47.1,18.2
US,cassidy,New Queen Street,,46.9,18.7
US,cassidy,Paraíso,,46.2,19.3
US,cassidy,Ilios,,45.2,25.3
US,cassidy,Hollywood,,44.8,19.2
US,cassidy,Colosseo,,44.8,20.1
US,cassidy,Dorado,,44.6,19.2
US,cassidy,Havana,,42.8,9.2
US,cassidy,Rialto,,40.7,13.7
EU,cassidy,Samoa,,49.0,21.4
EU,cassidy,Oasis,,47.8,28.0
EU,cassidy,Rialto,,47.5,12.7
EU,cassidy,Nepal,,47.0,19.6
EU,cassidy,Esperança,,47.0,18.5
EU,cassidy,Aatlis,,46.8,27.4
EU,cassidy,Paraíso,,46.6,16.8
EU,cassidy,Watchpoint: Gibraltar,,46.1,12.8
EU,cassidy,New Queen Street,,46.1,16.3
EU,cassidy,Runasapi,,45.9,18.3
EU,cassidy,Lijiang Tower,,45.8,22.5
EU,cassidy,New Junk City,,45.8,24.5
EU,cassidy,Hollywood,,45.3,16.7
EU,cassidy,Dorado,,44.5,14.9
EU,cassidy,Suravasa,,44.4,21.4
EU,cassidy,Busan,,44.3,18.3
EU,cassidy,King's Row,,44.1,15.7
EU,cassidy,Eichenwalde,,43.6,19.3
EU,cassidy,Colosseo,,43.0,16.4
EU,cassidy,Midtown,,42.8,14.5
EU,cassidy,Ilios,,42.3,19.5
EU,cassidy,Numbani,,42.1,14.8
EU,cassidy,Blizzard World,,41.2,13.3
EU,cassidy,Route 66,,41.1,16.0
EU,cassidy,Shambali Monastery,,41.0,14.9
EU,cassidy,Havana,,40.4,9.1
EU,cassidy,Circuit Royal,,40.0,6.9
EU,cassidy,Junkertown,,39.7,10.9
ASIA,emre,New Junk City,,58.7,20.6
ASIA,emre,Suravasa,,58.5,23.6
ASIA,emre,Paraíso,,57.2,24.2
ASIA,emre,Numbani,,56.3,24.1
ASIA,emre,Busan,,56.0,22.8
ASIA,emre,Colosseo,,55.2,25.0
ASIA,emre,Ilios,,55.0,21.3
ASIA,emre,New Queen Street,,54.9,25.6
ASIA,emre,Samoa,,54.9,24.0
ASIA,emre,Hollywood,,54.7,23.2
ASIA,emre,Junkertown,,53.5,23.8
ASIA,emre,Havana,,53.4,15.5
ASIA,emre,Midtown,,53.4,25.7
ASIA,emre,Runasapi,,53.4,25.7
ASIA,emre,Esperança,,53.1,23.3
ASIA,emre,Nepal,,52.8,23.5
ASIA,emre,Shambali Monastery,,52.1,26.8
ASIA,emre,Aatlis,,51.4,19.2
ASIA,emre,Blizzard World,,50.8,28.5
ASIA,emre,Lijiang Tower,,50.6,19.8
ASIA,emre,Eichenwalde,,49.9,20.0
ASIA,emre,Rialto,,49.5,26.8
ASIA,emre,King's Row,,49.5,22.0
ASIA,emre,Route 66,,49.0,21.8
ASIA,emre,Dorado,,48.7,19.6
ASIA,emre,Oasis,,47.3,19.8
ASIA,emre,Circuit Royal,,46.3,20.9
ASIA,emre,Watchpoint: Gibraltar,,42.9,21.6
US,emre,Havana,,54.7,19.6
US,emre,Junkertown,,53.6,20.9
US,emre,Midtown,,53.4,23.4
US,emre,Aatlis,,53.0,15.6
US,emre,Hollywood,,52.9,19.1
US,emre,Paraíso,,52.9,14.9
US,emre,Watchpoint: Gibraltar,,52.6,18.9
US,emre,Eichenwalde,,52.5,19.7
US,emre,Nepal,,52.1,18.4
US,emre,Oasis,,51.7,16.2
US,emre,Dorado,,51.5,16.8
US,emre,King's Row,,51.3,17.2
US,emre,Rialto,,51.2,18.2
US,emre,Colosseo,,51.1,21.7
US,emre,Ilios,,50.5,16.7
US,emre,New Queen Street,,50.1,21.5
US,emre,Blizzard World,,50.0,21.0
US,emre,Samoa,,49.6,17.9
US,emre,New Junk City,,49.0,17.2
US,emre,Route 66,,49.0,19.2
US,emre,Circuit Royal,,48.4,19.9
US,emre,Shambali Monastery,,48.3,18.1
US,emre,Lijiang Tower,,48.1,14.7
US,emre,Suravasa,,47.8,19.2
US,emre,Runasapi,,47.4,19.5
US,emre,Esperança,,46.9,19.3
US,emre,Busan,,45.8,18.8
US,emre,Numbani,,40.9,21.7
EU,emre,Numbani,,58.9,17.8
EU,emre,Route 66,,57.4,20.0
EU,emre,Blizzard World,,56.9,17.5
EU,emre,Junkertown,,55.9,21.1
EU,emre,Ilios,,55.9,15.5
EU,emre,Busan,,55.7,17.7
EU,emre,Watchpoint: Gibraltar,,54.5,17.5
EU,emre,Rialto,,53.7,18.0
EU,emre,Circuit Royal,,52.9,19.0
EU,emre,Oasis,,52.8,13.6
EU,emre,Eichenwalde,,52.6,15.4
EU,emre,Aatlis,,52.2,14.8
EU,emre,Havana,,52.1,19.3
EU,emre,Suravasa,,51.5,15.9
EU,emre,Samoa,,51.3,16.4
EU,emre,Paraíso,,51.1,15.6
EU,emre,New Junk City,,51.0,12.1
EU,emre,Lijiang Tower,,51.0,11.6
EU,emre,Shambali Monastery,,50.9,18.2
EU,emre,New Queen Street,,50.6,17.9
EU,emre,Colosseo,,50.6,17.3
EU,emre,Nepal,,50.5,17.5
EU,emre,Midtown,,50.0,16.1
EU,emre,Esperança,,49.9,18.2
EU,emre,Runasapi,,48.2,16.8
EU,emre,King's Row,,47.9,15.6
EU,emre,Dorado,,47.1,15.6
EU,emre,Hollywood,,45.6,16.8
ASIA,soldier76,Junkertown,,60.9,5.1
ASIA,soldier76,New Queen Street,,60.3,17.3
ASIA,soldier76,Paraíso,,55.0,5.4
ASIA,soldier76,Midtown,,53.5,3.3
ASIA,soldier76,Esperança,,52.3,6.7
ASIA,soldier76,Eichenwalde,,52.3,3.0
ASIA,soldier76,Numbani,,50.1,4.5
ASIA,soldier76,Runasapi,,48.7,9.6
ASIA,soldier76,Busan,,48.0,7.9
ASIA,soldier76,Aatlis,,47.4,3.7
ASIA,soldier76,Watchpoint: Gibraltar,,46.8,4.4
ASIA,soldier76,Nepal,,46.7,4.3
ASIA,soldier76,Rialto,,44.1,4.2
ASIA,soldier76,Samoa,,43.9,4.9
ASIA,soldier76,King's Row,,43.0,3.2
ASIA,soldier76,Route 66,,42.0,3.5
ASIA,soldier76,Shambali Monastery,,41.7,5.5
ASIA,soldier76,Dorado,,41.5,4.3
ASIA,soldier76,Ilios,,41.2,2.1
ASIA,soldier76,Oasis,,40.3,4.4
ASIA,soldier76,New Junk City,,39.8,5.9
ASIA,soldier76,Circuit Royal,,39.7,2.4
ASIA,soldier76,Suravasa,,39.5,6.5
ASIA,soldier76,Blizzard World,,37.8,4.5
ASIA,soldier76,Lijiang Tower,,36.4,4.1
ASIA,soldier76,Havana,,36.3,6.4
ASIA,soldier76,Colosseo,,32.3,5.7
ASIA,soldier76,Hollywood,,22.7,3.0
US,soldier76,Route 66,,59.9,10.0
US,soldier76,Esperança,,57.3,19.2
US,soldier76,New Queen Street,,57.1,28.7
US,soldier76,Circuit Royal,,55.6,6.9
US,soldier76,Shambali Monastery,,54.7,8.2
US,soldier76,Havana,,54.1,10.3
US,soldier76,Suravasa,,53.3,17.5
US,soldier76,Ilios,,52.8,7.3
US,soldier76,Dorado,,52.2,12.5
US,soldier76,Busan,,51.0,19.3
US,soldier76,New Junk City,,51.0,12.1
US,soldier76,Oasis,,50.9,11.0
US,soldier76,Runasapi,,50.8,18.0
US,soldier76,Nepal,,50.3,12.0
US,soldier76,Samoa,,50.1,10.7
US,soldier76,Junkertown,,49.7,12.4
US,soldier76,Lijiang Tower,,49.4,9.6
US,soldier76,Colosseo,,48.7,13.1
US,soldier76,Aatlis,,48.7,9.2
US,soldier76,Numbani,,47.5,11.3
US,soldier76,Watchpoint: Gibraltar,,45.7,12.7
US,soldier76,Blizzard World,,44.2,10.6
US,soldier76,King's Row,,44.1,6.7
US,soldier76,Rialto,,43.8,10.1
US,soldier76,Hollywood,,43.3,8.9
US,soldier76,Eichenwalde,,42.2,7.1
US,soldier76,Midtown,,41.4,10.8
US,soldier76,Paraíso,,41.0,16.0
EU,soldier76,Route 66,,59.6,10.3
EU,soldier76,Runasapi,,57.3,21.2
EU,soldier76,Esperança,,55.9,17.4
EU,soldier76,Blizzard World,,55.7,13.6
EU,soldier76,Numbani,,54.9,10.5
EU,soldier76,New Queen Street,,54.1,30.3
EU,soldier76,Watchpoint: Gibraltar,,53.5,10.8
EU,soldier76,Aatlis,,53.3,8.7
EU,soldier76,Suravasa,,52.9,17.1
EU,soldier76,Circuit Royal,,52.5,7.7
EU,soldier76,Ilios,,52.2,7.2
EU,soldier76,Hollywood,,52.0,8.9
EU,soldier76,Shambali Monastery,,51.9,10.0
EU,soldier76,Eichenwalde,,51.7,8.0
EU,soldier76,Nepal,,50.9,11.1
EU,soldier76,Samoa,,50.4,10.1
EU,soldier76,New Junk City,,50.2,11.8
EU,soldier76,Colosseo,,49.6,15.2
EU,soldier76,Junkertown,,49.5,14.2
EU,soldier76,Oasis,,49.5,11.0
EU,soldier76,Dorado,,48.9,13.7
EU,soldier76,King's Row,,48.5,7.0
EU,soldier76,Busan,,48.4,19.3
EU,soldier76,Midtown,,47.9,10.5
EU,soldier76,Rialto,,47.6,8.5
EU,soldier76,Paraíso,,46.2,10.9
EU,soldier76,Havana,,45.7,11.3
EU,soldier76,Lijiang Tower,,45.6,8.5
ASIA,moira,Paraíso,,76.0,2.7
ASIA,moira,Shambali Monastery,,58.4,3.3
ASIA,moira,Samoa,,52.4,3.8
ASIA,moira,Route 66,,51.8,3.1
ASIA,moira,Numbani,,51.8,1.5
ASIA,moira,Hollywood,,51.2,2.6
ASIA,moira,Eichenwalde,,49.1,2.6
ASIA,moira,Lijiang Tower,,47.9,4.1
ASIA,moira,New Junk City,,47.5,4.6
ASIA,moira,Busan,,46.7,3.4
ASIA,moira,Blizzard World,,45.5,2.4
ASIA,moira,Rialto,,45.4,2.2
ASIA,moira,Midtown,,44.6,2.0
ASIA,moira,Runasapi,,42.6,3.6
ASIA,moira,King's Row,,42.5,2.8
ASIA,moira,Esperança,,42.5,3.4
ASIA,moira,Dorado,,42.3,1.9
ASIA,moira,Ilios,,42.3,2.5
ASIA,moira,Aatlis,,42.1,5.3
ASIA,moira,Junkertown,,41.5,3.1
ASIA,moira,Suravasa,,41.1,3.6
ASIA,moira,Oasis,,40.8,4.2
ASIA,moira,Nepal,,39.5,3.2
ASIA,moira,Havana,,38.3,1.4
ASIA,moira,Circuit Royal,,38.1,1.6
ASIA,moira,Colosseo,,36.2,2.7
ASIA,moira,New Queen Street,,36.1,2.9
ASIA,moira,Watchpoint: Gibraltar,,34.1,2.0
US,moira,Paraíso,,64.0,3.7
US,moira,Hollywood,,60.5,5.2
US,moira,Numbani,,58.4,3.9
US,moira,Circuit Royal,,57.7,5.2
US,moira,Esperança,,57.6,5.4
US,moira,Samoa,,52.5,6.9
US,moira,Nepal,,51.3,7.2
US,moira,Oasis,,50.3,6.7
US,moira,Havana,,49.3,4.3
US,moira,Lijiang Tower,,48.5,7.0
US,moira,New Junk City,,48.4,9.1
US,moira,Busan,,48.2,6.4
US,moira,Colosseo,,47.9,5.6
US,moira,Midtown,,47.8,4.9
US,moira,Ilios,,47.7,6.4
US,moira,Eichenwalde,,46.9,4.8
US,moira,Watchpoint: Gibraltar,,46.9,3.1
US,moira,Aatlis,,46.7,10.2
US,moira,King's Row,,46.1,5.6
US,moira,Rialto,,46.1,4.3
US,moira,Suravasa,,44.1,7.3
US,moira,Dorado,,41.4,4.2
US,moira,Runasapi,,41.3,5.9
US,moira,Shambali Monastery,,40.8,5.9
US,moira,Route 66,,39.3,5.8
US,moira,Junkertown,,39.1,5.1
US,moira,New Queen Street,,38.9,5.8
US,moira,Blizzard World,,35.5,4.4
EU,moira,Dorado,,55.4,3.2
EU,moira,Hollywood,,53.8,3.2
EU,moira,Busan,,53.7,4.6
EU,moira,Junkertown,,53.5,3.8
EU,moira,Runasapi,,53.1,4.3
EU,moira,Eichenwalde,,52.1,4.7
EU,moira,New Junk City,,51.4,7.8
EU,moira,Watchpoint: Gibraltar,,51.3,2.9
EU,moira,Aatlis,,50.3,7.2
EU,moira,King's Row,,50.2,4.2
EU,moira,Ilios,,49.6,4.6
EU,moira,Lijiang Tower,,49.1,5.4
EU,moira,Nepal,,48.9,4.6
EU,moira,Samoa,,48.0,4.9
EU,moira,Esperança,,47.7,4.7
EU,moira,Oasis,,46.0,5.5
EU,moira,Colosseo,,45.5,3.8
EU,moira,New Queen Street,,44.4,5.0
EU,moira,Havana,,43.8,3.2
EU,moira,Circuit Royal,,43.8,2.6
EU,moira,Suravasa,,43.1,5.9
EU,moira,Route 66,,42.4,3.1
EU,moira,Midtown,,39.9,2.8
EU,moira,Paraíso,,39.7,3.8
EU,moira,Shambali Monastery,,39.5,4.5
EU,moira,Rialto,,33.9,3.2
EU,moira,Numbani,,33.6,2.8
EU,moira,Blizzard World,,31.9,2.5
ASIA,sojourn,Havana,,56.3,31.0
ASIA,sojourn,Route 66,,54.5,15.8
ASIA,sojourn,Oasis,,53.0,21.2
ASIA,sojourn,Circuit Royal,,52.9,42.9
ASIA,sojourn,Lijiang Tower,,52.3,31.1
ASIA,sojourn,Shambali Monastery,,52.0,23.0
ASIA,sojourn,Suravasa,,51.8,29.1
ASIA,sojourn,Busan,,51.0,26.1
ASIA,sojourn,Samoa,,50.7,26.4
ASIA,sojourn,Nepal,,50.7,28.8
ASIA,sojourn,Aatlis,,50.6,30.8
ASIA,sojourn,Hollywood,,50.2,18.4
ASIA,sojourn,Dorado,,50.0,7.5
ASIA,sojourn,Watchpoint: Gibraltar,,49.4,7.4
ASIA,sojourn,New Junk City,,49.2,34.3
ASIA,sojourn,Runasapi,,48.9,29.5
ASIA,sojourn,Midtown,,48.6,27.1
ASIA,sojourn,Esperança,,48.5,29.1
ASIA,sojourn,Colosseo,,47.6,25.8
ASIA,sojourn,King's Row,,47.1,20.0
ASIA,sojourn,Ilios,,46.4,11.3
ASIA,sojourn,Rialto,,45.9,15.0
ASIA,sojourn,Paraíso,,44.8,11.5
ASIA,sojourn,New Queen Street,,44.3,28.7
ASIA,sojourn,Eichenwalde,,43.3,16.0
ASIA,sojourn,Blizzard World,,43.0,21.8
ASIA,sojourn,Numbani,,42.1,10.4
ASIA,sojourn,Junkertown,,41.2,18.6
US,sojourn,New Queen Street,,51.9,25.6
US,sojourn,Havana,,51.8,34.6
US,sojourn,Junkertown,,51.4,22.6
US,sojourn,Rialto,,50.5,22.1
US,sojourn,Blizzard World,,50.5,27.0
US,sojourn,Aatlis,,50.3,28.5
US,sojourn,Shambali Monastery,,50.2,27.5
US,sojourn,Oasis,,50.0,23.0
US,sojourn,Suravasa,,49.8,30.7
US,sojourn,Watchpoint: Gibraltar,,49.4,10.1
US,sojourn,Busan,,49.1,28.6
US,sojourn,Hollywood,,48.9,23.2
US,sojourn,Samoa,,48.8,29.4
US,sojourn,Runasapi,,48.7,31.3
US,sojourn,Circuit Royal,,48.0,35.9
US,sojourn,Nepal,,47.9,28.5
US,sojourn,Route 66,,47.1,21.1
US,sojourn,New Junk City,,46.5,30.8
US,sojourn,Numbani,,46.3,12.6
US,sojourn,Ilios,,46.0,15.6
US,sojourn,King's Row,,45.7,27.2
US,sojourn,Lijiang Tower,,45.3,31.4
US,sojourn,Colosseo,,45.1,30.6
US,sojourn,Eichenwalde,,42.0,23.1
US,sojourn,Esperança,,41.6,29.1
US,sojourn,Midtown,,40.6,29.6
US,sojourn,Dorado,,39.5,10.6
US,sojourn,Paraíso,,32.5,15.3
EU,sojourn,Runasapi,,51.7,30.2
EU,sojourn,Ilios,,51.4,16.6
EU,sojourn,Paraíso,,51.4,20.7
EU,sojourn,Circuit Royal,,50.5,36.3
EU,sojourn,Lijiang Tower,,49.3,29.7
EU,sojourn,Eichenwalde,,49.3,21.2
EU,sojourn,Midtown,,48.9,31.9
EU,sojourn,Colosseo,,48.9,30.9
EU,sojourn,New Junk City,,48.9,32.6
EU,sojourn,Hollywood,,48.7,23.9
EU,sojourn,Shambali Monastery,,48.7,27.8
EU,sojourn,Havana,,48.6,35.4
EU,sojourn,Nepal,,48.5,28.9
EU,sojourn,Busan,,48.4,27.4
EU,sojourn,Numbani,,48.4,16.0
EU,sojourn,Samoa,,48.3,31.0
EU,sojourn,Dorado,,48.2,12.9
EU,sojourn,King's Row,,47.9,28.9
EU,sojourn,Aatlis,,47.8,27.6
EU,sojourn,Suravasa,,47.0,31.1
EU,sojourn,Oasis,,46.0,25.5
EU,sojourn,Junkertown,,45.9,26.6
EU,sojourn,Esperança,,45.7,29.2
EU,sojourn,Route 66,,45.4,23.1
EU,sojourn,New Queen Street,,45.1,27.2
EU,sojourn,Rialto,,44.8,24.4
EU,sojourn,Watchpoint: Gibraltar,,44.5,13.3
EU,sojourn,Blizzard World,,44.2,30.0
ASIA,sigma,Circuit Royal,,68.0,42.4
ASIA,sigma,Havana,,61.4,39.7
ASIA,sigma,Junkertown,,61.2,31.2
ASIA,sigma,Busan,,58.5,11.7
ASIA,sigma,Shambali Monastery,,56.5,20.2
ASIA,sigma,Eichenwalde,,56.2,15.8
ASIA,sigma,Nepal,,55.7,14.5
ASIA,sigma,Ilios,,55.1,5.9
ASIA,sigma,Midtown,,54.7,30.0
ASIA,sigma,Runasapi,,54.2,10.0
ASIA,sigma,King's Row,,54.0,16.5
ASIA,sigma,Blizzard World,,53.9,17.5
ASIA,sigma,Route 66,,53.5,17.8
ASIA,sigma,Hollywood,,51.9,16.9
ASIA,sigma,Colosseo,,51.9,10.4
ASIA,sigma,Numbani,,51.7,10.0
ASIA,sigma,Aatlis,,51.2,9.3
ASIA,sigma,New Junk City,,50.9,8.2
ASIA,sigma,Oasis,,50.9,7.3
ASIA,sigma,Rialto,,50.8,13.6
ASIA,sigma,New Queen Street,,50.4,9.6
ASIA,sigma,Dorado,,49.1,9.3
ASIA,sigma,Esperança,,48.6,8.1
ASIA,sigma,Samoa,,47.5,10.9
ASIA,sigma,Suravasa,,47.4,8.6
ASIA,sigma,Lijiang Tower,,45.0,8.9
ASIA,sigma,Paraíso,,44.3,13.3
ASIA,sigma,Watchpoint: Gibraltar,,35.7,6.5
US,sigma,Circuit Royal,,60.1,33.9
US,sigma,Dorado,,59.2,10.5
US,sigma,Havana,,56.4,30.2
US,sigma,Oasis,,54.9,7.2
US,sigma,Rialto,,54.4,15.8
US,sigma,Hollywood,,54.3,15.2
US,sigma,Nepal,,53.3,12.8
US,sigma,Busan,,52.8,10.1
US,sigma,Shambali Monastery,,52.0,19.7
US,sigma,New Junk City,,51.5,6.1
US,sigma,Blizzard World,,51.4,14.1
US,sigma,Midtown,,51.0,21.5
US,sigma,Paraíso,,50.2,18.4
US,sigma,Samoa,,49.9,10.0
US,sigma,Eichenwalde,,48.5,14.4
US,sigma,Lijiang Tower,,48.3,7.1
US,sigma,Suravasa,,48.2,8.6
US,sigma,New Queen Street,,47.6,7.9
US,sigma,Route 66,,47.6,17.3
US,sigma,Junkertown,,47.4,28.2
US,sigma,King's Row,,47.3,15.5
US,sigma,Watchpoint: Gibraltar,,45.0,6.9
US,sigma,Runasapi,,44.8,7.9
US,sigma,Ilios,,44.7,4.4
US,sigma,Esperança,,44.4,8.2
US,sigma,Aatlis,,43.8,6.1
US,sigma,Colosseo,,35.6,10.9
US,sigma,Numbani,,31.5,9.8
EU,sigma,Circuit Royal,,56.7,29.9
EU,sigma,Junkertown,,56.2,20.8
EU,sigma,Havana,,55.5,27.2
EU,sigma,Midtown,,54.7,20.1
EU,sigma,Samoa,,54.0,9.8
EU,sigma,Route 66,,53.2,14.4
EU,sigma,Dorado,,52.3,5.6
EU,sigma,Nepal,,51.9,9.8
EU,sigma,Hollywood,,51.5,12.8
EU,sigma,King's Row,,51.4,13.2
EU,sigma,Paraíso,,51.2,10.5
EU,sigma,Eichenwalde,,49.8,11.5
EU,sigma,Runasapi,,49.8,7.4
EU,sigma,Colosseo,,49.3,7.3
EU,sigma,Blizzard World,,49.2,12.7
EU,sigma,Shambali Monastery,,49.1,14.6
EU,sigma,Oasis,,48.2,5.5
EU,sigma,New Junk City,,48.2,5.5
EU,sigma,Ilios,,48.0,4.4
EU,sigma,Esperança,,47.2,5.5
EU,sigma,Rialto,,47.2,12.0
EU,sigma,Lijiang Tower,,47.2,5.5
EU,sigma,New Queen Street,,46.2,7.3
EU,sigma,Busan,,45.7,8.8
EU,sigma,Suravasa,,45.4,6.1
EU,sigma,Numbani,,45.1,8.8
EU,sigma,Watchpoint: Gibraltar,,44.2,5.5
EU,sigma,Aatlis,,43.1,5.1
ASIA,genji,Aatlis,,55.0,11.0
ASIA,genji,Havana,,53.7,18.6
ASIA,genji,Blizzard World,,53.4,10.3
ASIA,genji,Colosseo,,52.6,9.1
ASIA,genji,Shambali Monastery,,51.5,8.3
ASIA,genji,Midtown,,51.4,8.6
ASIA,genji,New Queen Street,,51.4,7.3
ASIA,genji,Lijiang Tower,,51.2,8.1
ASIA,genji,Rialto,,51.0,8.5
ASIA,genji,New Junk City,,49.4,9.8
ASIA,genji,Runasapi,,48.3,7.4
ASIA,genji,Ilios,,47.8,8.4
ASIA,genji,Esperança,,47.7,8.1
ASIA,genji,Junkertown,,47.4,13.1
ASIA,genji,Busan,,47.1,10.0
ASIA,genji,Nepal,,46.0,9.0
ASIA,genji,Route 66,,46.0,12.1
ASIA,genji,Eichenwalde,,45.8,10.4
ASIA,genji,Paraíso,,45.0,9.7
ASIA,genji,Numbani,,44.7,9.7
ASIA,genji,Samoa,,44.1,7.9
ASIA,genji,Suravasa,,43.0,8.7
ASIA,genji,King's Row,,43.0,12.7
ASIA,genji,Oasis,,42.1,8.0
ASIA,genji,Watchpoint: Gibraltar,,41.6,12.2
ASIA,genji,Circuit Royal,,41.5,11.2
ASIA,genji,Dorado,,38.4,10.3
ASIA,genji,Hollywood,,35.1,11.7
US,genji,Paraíso,,72.2,8.8
US,genji,Numbani,,55.7,10.0
US,genji,Busan,,55.4,9.1
US,genji,Havana,,54.3,12.5
US,genji,Lijiang Tower,,51.3,8.4
US,genji,King's Row,,50.7,12.8
US,genji,Eichenwalde,,50.0,10.2
US,genji,Blizzard World,,49.8,8.5
US,genji,Circuit Royal,,49.2,9.8
US,genji,Esperança,,48.9,7.9
US,genji,Colosseo,,48.5,9.5
US,genji,Midtown,,48.3,8.7
US,genji,Suravasa,,48.0,10.2
US,genji,Oasis,,47.8,9.2
US,genji,Dorado,,47.5,9.8
US,genji,Rialto,,47.5,10.1
US,genji,Hollywood,,47.4,10.2
US,genji,Nepal,,47.0,9.1
US,genji,New Queen Street,,46.2,8.8
US,genji,Shambali Monastery,,44.9,9.3
US,genji,Ilios,,44.7,9.4
US,genji,Aatlis,,44.7,10.8
US,genji,Route 66,,43.7,10.7
US,genji,Runasapi,,43.6,7.3
US,genji,Watchpoint: Gibraltar,,42.9,11.0
US,genji,Junkertown,,41.5,11.5
US,genji,Samoa,,41.3,7.6
US,genji,New Junk City,,37.8,10.6
EU,genji,Havana,,57.8,14.0
EU,genji,Esperança,,53.1,11.4
EU,genji,Oasis,,51.1,11.8
EU,genji,King's Row,,49.2,13.5
EU,genji,Busan,,49.1,10.9
EU,genji,Circuit Royal,,49.0,10.3
EU,genji,Shambali Monastery,,48.9,10.8
EU,genji,Colosseo,,48.2,11.4
EU,genji,Blizzard World,,47.9,12.0
EU,genji,Lijiang Tower,,47.6,11.3
EU,genji,Dorado,,47.4,12.9
EU,genji,Eichenwalde,,47.1,12.7
EU,genji,Samoa,,47.1,9.6
EU,genji,Watchpoint: Gibraltar,,46.8,12.8
EU,genji,Junkertown,,46.4,12.7
EU,genji,Route 66,,45.7,11.8
EU,genji,Numbani,,45.7,11.2
EU,genji,Hollywood,,45.4,12.3
EU,genji,Aatlis,,45.0,13.5
EU,genji,Runasapi,,44.7,10.9
EU,genji,Nepal,,44.0,10.7
EU,genji,Ilios,,43.5,10.8
EU,genji,New Queen Street,,43.4,10.4
EU,genji,Suravasa,,42.5,12.0
EU,genji,New Junk City,,41.6,13.0
EU,genji,Rialto,,41.4,10.2
EU,genji,Midtown,,39.6,9.6
EU,genji,Paraíso,,34.7,10.9
ASIA,ashe,Blizzard World,,64.5,17.3
ASIA,ashe,Aatlis,,64.1,1.3
ASIA,ashe,Hollywood,,59.4,17.7
ASIA,ashe,Samoa,,59.1,5.9
ASIA,ashe,Suravasa,,58.3,3.4
ASIA,ashe,Nepal,,57.7,6.3
ASIA,ashe,Dorado,,56.7,25.8
ASIA,ashe,Numbani,,55.1,25.2
ASIA,ashe,Ilios,,54.9,8.1
ASIA,ashe,Lijiang Tower,,54.6,3.4
ASIA,ashe,Rialto,,54.2,15.4
ASIA,ashe,Colosseo,,54.2,9.3
ASIA,ashe,Circuit Royal,,53.9,10.7
ASIA,ashe,Route 66,,53.6,21.5
ASIA,ashe,Paraíso,,53.5,18.2
ASIA,ashe,Shambali Monastery,,53.5,14.0
ASIA,ashe,Oasis,,53.3,2.7
ASIA,ashe,Watchpoint: Gibraltar,,53.2,25.4
ASIA,ashe,Busan,,51.3,7.5
ASIA,ashe,Junkertown,,50.3,14.4
ASIA,ashe,Midtown,,49.9,16.0
ASIA,ashe,Havana,,49.5,10.5
ASIA,ashe,New Queen Street,,47.8,6.2
ASIA,ashe,King's Row,,47.8,13.3
ASIA,ashe,Esperança,,47.5,6.0
ASIA,ashe,Runasapi,,47.2,3.8
ASIA,ashe,New Junk City,,45.8,1.7
ASIA,ashe,Eichenwalde,,43.2,10.7
US,ashe,Busan,,60.0,9.1
US,ashe,Dorado,,58.0,19.5
US,ashe,Rialto,,57.3,16.5
US,ashe,Watchpoint: Gibraltar,,56.9,20.5
US,ashe,Suravasa,,53.8,5.5
US,ashe,Ilios,,53.4,8.8
US,ashe,Samoa,,53.2,8.4
US,ashe,Junkertown,,51.9,18.0
US,ashe,Colosseo,,51.3,8.4
US,ashe,Lijiang Tower,,50.4,4.3
US,ashe,New Junk City,,50.0,3.0
US,ashe,Esperança,,49.9,7.7
US,ashe,Circuit Royal,,49.9,18.8
US,ashe,Blizzard World,,49.8,13.6
US,ashe,King's Row,,49.7,10.3
US,ashe,Paraíso,,49.2,22.5
US,ashe,Route 66,,49.1,18.5
US,ashe,Hollywood,,48.8,19.6
US,ashe,Havana,,48.5,22.0
US,ashe,Nepal,,47.9,8.6
US,ashe,Oasis,,47.1,4.8
US,ashe,Shambali Monastery,,46.5,16.0
US,ashe,Midtown,,44.9,13.9
US,ashe,Numbani,,44.5,20.0
US,ashe,Eichenwalde,,44.2,8.9
US,ashe,New Queen Street,,44.2,7.5
US,ashe,Runasapi,,40.0,5.9
US,ashe,Aatlis,,38.0,2.5
EU,ashe,Junkertown,,62.6,17.9
EU,ashe,Numbani,,59.7,17.3
EU,ashe,Rialto,,59.2,14.2
EU,ashe,Havana,,58.6,16.8
EU,ashe,Nepal,,57.7,7.5
EU,ashe,Samoa,,56.1,7.9
EU,ashe,Circuit Royal,,56.0,18.2
EU,ashe,Dorado,,55.5,19.7
EU,ashe,Oasis,,55.0,5.8
EU,ashe,Ilios,,52.9,8.4
EU,ashe,Colosseo,,52.7,8.0
EU,ashe,Busan,,51.7,7.7
EU,ashe,Esperança,,51.2,7.5
EU,ashe,Midtown,,51.1,15.0
EU,ashe,Hollywood,,51.0,15.4
EU,ashe,Runasapi,,50.7,5.3
EU,ashe,Watchpoint: Gibraltar,,50.6,22.0
EU,ashe,Suravasa,,50.3,6.3
EU,ashe,Aatlis,,50.2,2.6
EU,ashe,Route 66,,50.0,15.6
EU,ashe,Shambali Monastery,,49.2,11.8
EU,ashe,New Junk City,,49.1,2.9
EU,ashe,Eichenwalde,,49.1,8.7
EU,ashe,Blizzard World,,48.7,13.0
EU,ashe,New Queen Street,,47.6,6.8
EU,ashe,King's Row,,47.4,10.3
EU,ashe,Paraíso,,46.6,15.5
EU,ashe,Lijiang Tower,,45.7,5.4
ASIA,wuyang,Paraíso,,63.2,20.2
ASIA,wuyang,Esperança,,58.5,21.4
ASIA,wuyang,Colosseo,,56.5,20.5
ASIA,wuyang,Dorado,,56.1,14.7
ASIA,wuyang,Aatlis,,54.9,23.8
ASIA,wuyang,Midtown,,53.6,27.8
ASIA,wuyang,Busan,,53.3,21.1
ASIA,wuyang,Ilios,,53.3,14.4
ASIA,wuyang,Junkertown,,53.0,17.8
ASIA,wuyang,Lijiang Tower,,52.1,23.6
ASIA,wuyang,Watchpoint: Gibraltar,,51.8,14.4
ASIA,wuyang,Eichenwalde,,51.7,22.2
ASIA,wuyang,Oasis,,51.5,21.7
ASIA,wuyang,Route 66,,51.2,23.0
ASIA,wuyang,Nepal,,51.0,24.9
ASIA,wuyang,Samoa,,50.4,23.4
ASIA,wuyang,Hollywood,,50.4,22.1
ASIA,wuyang,Rialto,,49.2,19.7
ASIA,wuyang,King's Row,,49.1,25.0
ASIA,wuyang,New Queen Street,,49.0,22.8
ASIA,wuyang,Runasapi,,48.7,25.7
ASIA,wuyang,Havana,,48.1,20.3
ASIA,wuyang,Circuit Royal,,48.1,21.0
ASIA,wuyang,Numbani,,47.8,17.3
ASIA,wuyang,Suravasa,,47.5,23.4
ASIA,wuyang,New Junk City,,47.3,26.3
ASIA,wuyang,Shambali Monastery,,43.8,22.1
ASIA,wuyang,Blizzard World,,42.8,24.5
US,wuyang,Numbani,,60.5,9.5
US,wuyang,Shambali Monastery,,56.4,11.8
US,wuyang,Runasapi,,53.9,9.5
US,wuyang,Samoa,,52.6,12.1
US,wuyang,Esperança,,52.4,8.8
US,wuyang,Nepal,,51.3,9.3
US,wuyang,Suravasa,,50.7,10.9
US,wuyang,Eichenwalde,,50.4,10.9
US,wuyang,Dorado,,50.2,10.5
US,wuyang,Blizzard World,,50.1,14.3
US,wuyang,Busan,,50.1,12.2
US,wuyang,King's Row,,49.6,13.0
US,wuyang,Circuit Royal,,49.6,13.2
US,wuyang,Route 66,,49.6,12.3
US,wuyang,Midtown,,49.4,15.3
US,wuyang,Hollywood,,49.4,12.0
US,wuyang,Aatlis,,48.9,10.6
US,wuyang,Paraíso,,48.6,12.8
US,wuyang,Rialto,,47.8,12.6
US,wuyang,Havana,,47.7,13.5
US,wuyang,Lijiang Tower,,47.0,9.5
US,wuyang,New Queen Street,,46.8,12.7
US,wuyang,Watchpoint: Gibraltar,,46.5,9.4
US,wuyang,Ilios,,45.2,8.0
US,wuyang,New Junk City,,44.5,8.8
US,wuyang,Oasis,,43.1,9.6
US,wuyang,Colosseo,,42.3,10.5
US,wuyang,Junkertown,,39.2,10.2
EU,wuyang,Havana,,57.8,14.8
EU,wuyang,Dorado,,56.8,10.8
EU,wuyang,Route 66,,56.0,11.9
EU,wuyang,Nepal,,54.8,12.2
EU,wuyang,Samoa,,54.8,14.0
EU,wuyang,Rialto,,54.4,14.1
EU,wuyang,Numbani,,54.2,11.2
EU,wuyang,Watchpoint: Gibraltar,,54.2,9.9
EU,wuyang,Runasapi,,53.4,12.4
EU,wuyang,King's Row,,52.9,15.5
EU,wuyang,Suravasa,,51.9,11.5
EU,wuyang,Busan,,51.4,10.3
EU,wuyang,Esperança,,50.7,11.4
EU,wuyang,Lijiang Tower,,50.5,10.7
EU,wuyang,Oasis,,50.3,11.1
EU,wuyang,New Queen Street,,50.1,11.8
EU,wuyang,Colosseo,,49.6,13.0
EU,wuyang,Eichenwalde,,49.2,12.3
EU,wuyang,Shambali Monastery,,48.7,16.1
EU,wuyang,Junkertown,,48.4,13.4
EU,wuyang,Blizzard World,,48.3,12.8
EU,wuyang,Hollywood,,48.2,12.3
EU,wuyang,Midtown,,48.1,14.8
EU,wuyang,Aatlis,,47.5,12.2
EU,wuyang,Circuit Royal,,46.3,12.3
EU,wuyang,New Junk City,,45.8,12.7
EU,wuyang,Ilios,,43.8,7.5
EU,wuyang,Paraíso,,24.8,10.4
ASIA,illari,Havana,,67.5,29.3
ASIA,illari,Dorado,,60.6,24.3
ASIA,illari,Blizzard World,,60.3,21.7
ASIA,illari,Colosseo,,60.0,19.5
ASIA,illari,Junkertown,,59.9,34.1
ASIA,illari,New Queen Street,,57.9,21.1
ASIA,illari,Oasis,,57.5,16.0
ASIA,illari,Nepal,,57.1,17.2
ASIA,illari,Aatlis,,56.8,9.1
ASIA,illari,Watchpoint: Gibraltar,,56.2,21.0
ASIA,illari,Lijiang Tower,,56.1,12.9
ASIA,illari,Shambali Monastery,,56.0,25.9
ASIA,illari,Suravasa,,56.0,14.7
ASIA,illari,Paraíso,,55.6,28.7
ASIA,illari,Circuit Royal,,55.6,30.9
ASIA,illari,Rialto,,55.1,24.4
ASIA,illari,Route 66,,55.0,26.5
ASIA,illari,Numbani,,54.8,19.5
ASIA,illari,Busan,,54.2,17.0
ASIA,illari,Esperança,,53.7,18.4
ASIA,illari,Runasapi,,53.1,17.8
ASIA,illari,New Junk City,,53.1,9.7
ASIA,illari,Eichenwalde,,52.0,22.4
ASIA,illari,Samoa,,50.5,16.4
ASIA,illari,Ilios,,50.3,15.3
ASIA,illari,King's Row,,49.9,17.9
ASIA,illari,Midtown,,48.9,21.7
ASIA,illari,Hollywood,,46.7,22.8
US,illari,Watchpoint: Gibraltar,,62.0,15.2
US,illari,Shambali Monastery,,61.8,17.1
US,illari,Dorado,,61.0,15.6
US,illari,Midtown,,61.0,13.4
US,illari,New Queen Street,,60.5,10.1
US,illari,Paraíso,,60.2,20.5
US,illari,Numbani,,59.9,15.1
US,illari,Aatlis,,59.1,5.9
US,illari,Samoa,,59.0,9.7
US,illari,Busan,,58.3,10.8
US,illari,Ilios,,57.7,8.0
US,illari,Circuit Royal,,57.2,21.6
US,illari,Colosseo,,57.2,11.4
US,illari,Hollywood,,56.8,12.8
US,illari,Runasapi,,56.8,10.4
US,illari,Oasis,,56.2,7.8
US,illari,Rialto,,56.1,16.3
US,illari,Blizzard World,,55.9,15.2
US,illari,Nepal,,54.7,9.6
US,illari,Suravasa,,54.4,8.0
US,illari,New Junk City,,53.6,6.1
US,illari,Havana,,53.3,23.0
US,illari,Junkertown,,53.0,24.7
US,illari,Eichenwalde,,52.1,12.2
US,illari,Esperança,,52.1,11.3
US,illari,King's Row,,51.6,10.7
US,illari,Lijiang Tower,,51.4,7.6
US,illari,Route 66,,50.4,15.4
EU,illari,Aatlis,,60.2,9.2
EU,illari,Havana,,60.1,26.8
EU,illari,Esperança,,59.1,14.4
EU,illari,Oasis,,58.9,13.1
EU,illari,Shambali Monastery,,58.3,20.7
EU,illari,Dorado,,58.1,17.8
EU,illari,Circuit Royal,,57.7,29.2
EU,illari,King's Row,,57.4,14.5
EU,illari,Suravasa,,57.3,11.2
EU,illari,New Queen Street,,57.3,15.5
EU,illari,Samoa,,57.1,14.1
EU,illari,Watchpoint: Gibraltar,,56.7,18.2
EU,illari,Midtown,,56.5,19.1
EU,illari,Route 66,,56.0,18.5
EU,illari,Lijiang Tower,,55.4,11.4
EU,illari,Colosseo,,54.5,14.7
EU,illari,Eichenwalde,,54.4,17.7
EU,illari,Rialto,,54.4,20.1
EU,illari,Busan,,54.2,15.0
EU,illari,Blizzard World,,53.4,19.4
EU,illari,Numbani,,53.3,15.6
EU,illari,Ilios,,53.2,14.0
EU,illari,Nepal,,52.9,12.9
EU,illari,Runasapi,,51.9,15.3
EU,illari,New Junk City,,51.5,9.9
EU,illari,Hollywood,,49.6,19.1
EU,illari,Junkertown,,49.2,25.5
EU,illari,Paraíso,,37.4,13.9
ASIA,anran,Junkertown,,67.7,2.9
ASIA,anran,Aatlis,,60.9,6.4
ASIA,anran,Dorado,,54.9,2.7
ASIA,anran,Midtown,,53.0,4.8
ASIA,anran,Oasis,,52.0,3.5
ASIA,anran,Blizzard World,,50.6,2.7
ASIA,anran,Rialto,,50.5,2.8
ASIA,anran,Busan,,49.1,3.4
ASIA,anran,Route 66,,48.6,3.1
ASIA,anran,King's Row,,48.5,3.7
ASIA,anran,New Junk City,,48.2,6.2
ASIA,anran,Shambali Monastery,,48.0,5.1
ASIA,anran,Runasapi,,46.7,3.5
ASIA,anran,Nepal,,46.5,3.6
ASIA,anran,Colosseo,,46.4,3.7
ASIA,anran,Circuit Royal,,46.4,0.9
ASIA,anran,Numbani,,43.9,2.4
ASIA,anran,Samoa,,43.8,4.5
ASIA,anran,Ilios,,43.7,3.6
ASIA,anran,Eichenwalde,,43.1,4.4
ASIA,anran,Esperança,,41.6,3.0
ASIA,anran,Lijiang Tower,,41.0,3.5
ASIA,anran,Hollywood,,40.8,3.7
ASIA,anran,Suravasa,,38.8,3.6
ASIA,anran,Havana,,38.8,4.2
ASIA,anran,Watchpoint: Gibraltar,,38.1,2.3
ASIA,anran,New Queen Street,,17.2,3.2
ASIA,anran,Paraíso,,1.6,2.9
US,anran,Dorado,,60.1,4.9
US,anran,Midtown,,57.4,6.0
US,anran,New Junk City,,56.7,8.5
US,anran,King's Row,,56.5,5.9
US,anran,Rialto,,52.6,5.3
US,anran,Samoa,,50.9,6.3
US,anran,Aatlis,,50.3,7.8
US,anran,Route 66,,49.9,4.6
US,anran,Circuit Royal,,49.5,2.9
US,anran,Lijiang Tower,,49.4,6.1
US,anran,Suravasa,,48.6,6.0
US,anran,Watchpoint: Gibraltar,,48.4,5.5
US,anran,Eichenwalde,,48.2,6.2
US,anran,Shambali Monastery,,47.5,6.3
US,anran,Numbani,,47.1,6.3
US,anran,Runasapi,,47.0,6.9
US,anran,New Queen Street,,46.1,6.7
US,anran,Oasis,,45.8,6.5
US,anran,Esperança,,45.3,5.6
US,anran,Colosseo,,42.3,6.5
US,anran,Havana,,42.1,3.5
US,anran,Ilios,,41.5,6.0
US,anran,Nepal,,39.5,6.0
US,anran,Blizzard World,,37.5,4.7
US,anran,Busan,,35.9,4.5
US,anran,Hollywood,,35.4,5.7
US,anran,Junkertown,,34.6,3.2
US,anran,Paraíso,,31.9,4.1
EU,anran,Samoa,,55.2,4.5
EU,anran,Rialto,,54.9,3.3
EU,anran,Watchpoint: Gibraltar,,54.0,3.8
EU,anran,Shambali Monastery,,52.8,4.1
EU,anran,Colosseo,,52.4,4.0
EU,anran,Midtown,,51.6,4.1
EU,anran,Aatlis,,50.1,6.2
EU,anran,Route 66,,50.0,3.6
EU,anran,Ilios,,48.1,4.1
EU,anran,Suravasa,,47.8,4.5
EU,anran,Runasapi,,47.6,4.8
EU,anran,New Queen Street,,46.9,3.5
EU,anran,New Junk City,,46.9,4.4
EU,anran,King's Row,,46.2,4.2
EU,anran,Oasis,,45.3,4.8
EU,anran,Nepal,,44.6,4.7
EU,anran,Esperança,,44.4,4.8
EU,anran,Busan,,44.2,3.4
EU,anran,Lijiang Tower,,44.1,4.8
EU,anran,Dorado,,42.7,2.7
EU,anran,Havana,,41.7,1.9
EU,anran,Circuit Royal,,41.4,2.0
EU,anran,Numbani,,41.0,4.2
EU,anran,Blizzard World,,41.0,4.4
EU,anran,Hollywood,,39.2,3.7
EU,anran,Eichenwalde,,37.8,4.4
EU,anran,Junkertown,,37.1,3.6
EU,anran,Paraíso,,33.0,4.2
ASIA,reaper,New Junk City,,59.9,4.8
ASIA,reaper,Numbani,,56.5,1.8
ASIA,reaper,Junkertown,,55.0,4.5
ASIA,reaper,Eichenwalde,,54.9,2.8
ASIA,reaper,Ilios,,54.0,4.6
ASIA,reaper,Blizzard World,,53.5,4.2
ASIA,reaper,Nepal,,51.2,3.9
ASIA,reaper,Suravasa,,50.2,4.5
ASIA,reaper,Aatlis,,50.1,7.0
ASIA,reaper,Oasis,,49.4,3.6
ASIA,reaper,Hollywood,,49.4,3.6
ASIA,reaper,Midtown,,49.1,2.8
ASIA,reaper,Havana,,47.5,1.5
ASIA,reaper,New Queen Street,,45.9,2.9
ASIA,reaper,Watchpoint: Gibraltar,,45.2,4.1
ASIA,reaper,Esperança,,44.5,3.3
ASIA,reaper,King's Row,,44.0,3.9
ASIA,reaper,Route 66,,44.0,2.5
ASIA,reaper,Busan,,43.9,3.3
ASIA,reaper,Runasapi,,42.9,2.5
ASIA,reaper,Samoa,,41.4,3.6
ASIA,reaper,Shambali Monastery,,41.1,2.4
ASIA,reaper,Circuit Royal,,40.2,1.3
ASIA,reaper,Dorado,,38.1,3.6
ASIA,reaper,Lijiang Tower,,36.8,4.0
ASIA,reaper,Rialto,,35.3,2.5
ASIA,reaper,Colosseo,,34.7,3.4
ASIA,reaper,Paraíso,,20.4,3.6
US,reaper,Route 66,,61.3,6.8
US,reaper,Watchpoint: Gibraltar,,56.9,8.7
US,reaper,Ilios,,56.4,7.8
US,reaper,Colosseo,,55.6,5.9
US,reaper,Blizzard World,,55.1,5.5
US,reaper,Aatlis,,55.1,10.9
US,reaper,Lijiang Tower,,54.8,8.8
US,reaper,New Junk City,,54.7,9.8
US,reaper,Hollywood,,53.4,6.1
US,reaper,Oasis,,52.0,8.6
US,reaper,Dorado,,51.7,7.9
US,reaper,Nepal,,51.1,7.0
US,reaper,Suravasa,,50.7,7.8
US,reaper,Samoa,,50.5,8.4
US,reaper,Esperança,,50.2,5.7
US,reaper,Paraíso,,49.8,5.0
US,reaper,Numbani,,49.2,6.7
US,reaper,Runasapi,,48.0,6.6
US,reaper,King's Row,,47.3,6.8
US,reaper,New Queen Street,,47.1,5.2
US,reaper,Shambali Monastery,,44.7,4.8
US,reaper,Rialto,,44.3,5.3
US,reaper,Busan,,44.3,7.4
US,reaper,Circuit Royal,,44.3,2.5
US,reaper,Havana,,43.2,3.3
US,reaper,Midtown,,43.1,4.7
US,reaper,Junkertown,,38.8,4.2
US,reaper,Eichenwalde,,37.4,7.3
EU,reaper,Havana,,63.0,2.3
EU,reaper,Blizzard World,,62.4,4.5
EU,reaper,Hollywood,,60.3,6.6
EU,reaper,Circuit Royal,,56.2,2.2
EU,reaper,New Junk City,,56.1,8.3
EU,reaper,Junkertown,,56.1,3.7
EU,reaper,Shambali Monastery,,55.4,5.2
EU,reaper,Esperança,,54.4,5.9
EU,reaper,Colosseo,,53.8,6.5
EU,reaper,Busan,,53.7,5.3
EU,reaper,King's Row,,53.6,6.2
EU,reaper,Lijiang Tower,,53.5,6.4
EU,reaper,Samoa,,53.4,8.1
EU,reaper,Aatlis,,53.3,10.0
EU,reaper,Ilios,,52.8,8.1
EU,reaper,Midtown,,52.8,5.0
EU,reaper,Watchpoint: Gibraltar,,52.4,7.3
EU,reaper,New Queen Street,,52.2,5.6
EU,reaper,Oasis,,51.8,8.7
EU,reaper,Dorado,,51.8,8.2
EU,reaper,Rialto,,51.2,5.0
EU,reaper,Suravasa,,50.9,7.3
EU,reaper,Route 66,,50.7,7.4
EU,reaper,Nepal,,50.3,6.5
EU,reaper,Eichenwalde,,49.6,7.4
EU,reaper,Runasapi,,49.0,6.4
EU,reaper,Paraíso,,48.4,8.4
EU,reaper,Numbani,,35.1,6.3
ASIA,domina,Paraíso,,68.7,10.5
ASIA,domina,Suravasa,,61.8,16.1
ASIA,domina,Rialto,,61.2,15.6
ASIA,domina,Route 66,,61.2,12.6
ASIA,domina,Shambali Monastery,,61.0,22.8
ASIA,domina,Havana,,60.0,27.1
ASIA,domina,Midtown,,58.2,20.9
ASIA,domina,Samoa,,57.4,21.2
ASIA,domina,New Junk City,,56.9,21.5
ASIA,domina,Nepal,,56.3,21.8
ASIA,domina,Runasapi,,56.2,19.3
ASIA,domina,King's Row,,56.1,17.0
ASIA,domina,Colosseo,,56.1,19.9
ASIA,domina,Blizzard World,,55.5,16.1
ASIA,domina,Hollywood,,53.4,15.3
ASIA,domina,Watchpoint: Gibraltar,,53.4,9.5
ASIA,domina,Circuit Royal,,53.4,21.3
ASIA,domina,Busan,,53.1,18.8
ASIA,domina,Dorado,,52.8,8.5
ASIA,domina,Aatlis,,52.6,18.0
ASIA,domina,Junkertown,,52.4,10.7
ASIA,domina,Lijiang Tower,,52.1,18.8
ASIA,domina,New Queen Street,,51.6,17.6
ASIA,domina,Esperança,,51.5,15.1
ASIA,domina,Oasis,,51.5,14.7
ASIA,domina,Ilios,,48.8,11.0
ASIA,domina,Numbani,,38.1,13.5
ASIA,domina,Eichenwalde,,32.5,16.5
US,domina,Samoa,,59.4,16.8
US,domina,Shambali Monastery,,58.2,22.7
US,domina,Havana,,57.7,26.7
US,domina,Blizzard World,,57.6,18.6
US,domina,Hollywood,,57.5,16.2
US,domina,Nepal,,57.4,17.9
US,domina,King's Row,,57.3,17.7
US,domina,Runasapi,,57.1,19.5
US,domina,Circuit Royal,,57.0,22.6
US,domina,Lijiang Tower,,56.1,15.6
US,domina,Eichenwalde,,56.0,18.0
US,domina,Paraíso,,55.7,10.7
US,domina,New Queen Street,,54.8,16.8
US,domina,Esperança,,53.8,15.2
US,domina,Busan,,53.7,17.1
US,domina,Oasis,,53.6,14.3
US,domina,Watchpoint: Gibraltar,,53.3,9.9
US,domina,Midtown,,52.9,24.3
US,domina,Route 66,,52.7,16.0
US,domina,New Junk City,,51.9,16.0
US,domina,Numbani,,51.4,12.5
US,domina,Rialto,,51.1,17.8
US,domina,Colosseo,,50.8,18.7
US,domina,Ilios,,49.2,12.8
US,domina,Aatlis,,48.9,14.4
US,domina,Suravasa,,48.1,17.4
US,domina,Dorado,,45.9,9.0
US,domina,Junkertown,,44.3,15.9
EU,domina,Paraíso,,58.4,10.3
EU,domina,Route 66,,56.9,12.0
EU,domina,New Junk City,,55.0,16.4
EU,domina,Blizzard World,,54.6,16.9
EU,domina,King's Row,,54.5,17.3
EU,domina,Nepal,,54.3,15.2
EU,domina,Circuit Royal,,54.1,19.0
EU,domina,Hollywood,,54.0,15.6
EU,domina,New Queen Street,,53.9,16.3
EU,domina,Eichenwalde,,53.6,14.2
EU,domina,Runasapi,,53.4,16.3
EU,domina,Suravasa,,53.0,16.5
EU,domina,Samoa,,52.7,14.9
EU,domina,Aatlis,,52.3,17.9
EU,domina,Lijiang Tower,,51.3,14.6
EU,domina,Shambali Monastery,,50.7,19.2
EU,domina,Havana,,50.1,18.3
EU,domina,Watchpoint: Gibraltar,,49.5,9.8
EU,domina,Midtown,,49.0,18.2
EU,domina,Colosseo,,48.8,16.0
EU,domina,Busan,,47.6,14.4
EU,domina,Ilios,,47.0,9.5
EU,domina,Esperança,,46.8,14.6
EU,domina,Oasis,,46.7,15.9
EU,domina,Rialto,,44.9,15.4
EU,domina,Numbani,,44.7,11.3
EU,domina,Junkertown,,40.0,15.6
EU,domina,Dorado,,35.5,9.3
ASIA,juno,Junkertown,,68.4,2.3
ASIA,juno,New Queen Street,,66.3,1.0
ASIA,juno,Midtown,,65.7,0.9
ASIA,juno,Busan,,62.0,1.5
ASIA,juno,Runasapi,,57.8,0.9
ASIA,juno,Watchpoint: Gibraltar,,56.9,1.2
ASIA,juno,Rialto,,54.9,1.0
ASIA,juno,Ilios,,53.0,1.3
ASIA,juno,Aatlis,,52.1,1.4
ASIA,juno,Lijiang Tower,,51.5,1.7
ASIA,juno,Suravasa,,50.9,1.1
ASIA,juno,Numbani,,50.7,0.9
ASIA,juno,Nepal,,48.9,2.1
ASIA,juno,New Junk City,,48.6,2.1
ASIA,juno,Circuit Royal,,46.5,5.9
ASIA,juno,Samoa,,45.9,1.7
ASIA,juno,Havana,,45.0,2.0
ASIA,juno,Colosseo,,44.4,1.5
ASIA,juno,Esperança,,40.5,0.8
ASIA,juno,Oasis,,40.1,1.5
ASIA,juno,Shambali Monastery,,39.8,2.6
ASIA,juno,Hollywood,,39.7,1.2
ASIA,juno,Route 66,,37.5,2.1
ASIA,juno,Blizzard World,,37.3,1.2
ASIA,juno,King's Row,,26.0,1.7
ASIA,juno,Eichenwalde,,24.3,1.5
ASIA,juno,Dorado,,19.2,0.5
ASIA,juno,Paraíso,,17.5,1.8
US,juno,Paraíso,,59.6,8.3
US,juno,Numbani,,58.8,10.1
US,juno,Colosseo,,57.9,15.9
US,juno,Eichenwalde,,54.8,13.7
US,juno,Esperança,,54.2,14.7
US,juno,Aatlis,,53.0,14.2
US,juno,Oasis,,52.9,13.6
US,juno,Shambali Monastery,,52.8,15.0
US,juno,Samoa,,52.5,16.2
US,juno,Circuit Royal,,52.5,23.0
US,juno,Dorado,,52.2,9.5
US,juno,Nepal,,52.1,15.4
US,juno,Havana,,51.3,11.8
US,juno,Route 66,,51.0,13.6
US,juno,King's Row,,50.6,14.7
US,juno,Watchpoint: Gibraltar,,50.4,10.1
US,juno,New Queen Street,,49.6,14.2
US,juno,Blizzard World,,49.5,11.5
US,juno,Runasapi,,48.8,16.5
US,juno,Suravasa,,48.4,15.0
US,juno,Ilios,,47.7,12.4
US,juno,Midtown,,47.1,15.4
US,juno,Lijiang Tower,,46.8,14.8
US,juno,Hollywood,,46.6,12.0
US,juno,Rialto,,46.4,11.8
US,juno,Busan,,46.2,12.9
US,juno,New Junk City,,46.0,14.6
US,juno,Junkertown,,38.2,7.0
EU,juno,Paraíso,,60.0,13.6
EU,juno,Junkertown,,58.1,7.5
EU,juno,Circuit Royal,,56.0,20.6
EU,juno,Lijiang Tower,,55.5,11.6
EU,juno,Busan,,54.7,9.5
EU,juno,Dorado,,54.5,7.7
EU,juno,Shambali Monastery,,54.2,11.6
EU,juno,Watchpoint: Gibraltar,,54.0,7.9
EU,juno,New Junk City,,53.7,11.0
EU,juno,Eichenwalde,,53.4,10.5
EU,juno,Ilios,,52.8,10.2
EU,juno,Rialto,,52.3,10.3
EU,juno,Aatlis,,51.3,9.9
EU,juno,Hollywood,,51.2,9.7
EU,juno,Midtown,,50.5,13.9
EU,juno,Esperança,,50.4,11.4
EU,juno,Oasis,,50.2,10.9
EU,juno,Samoa,,50.0,11.0
EU,juno,Runasapi,,49.8,12.0
EU,juno,Nepal,,49.8,12.8
EU,juno,Colosseo,,49.7,11.9
EU,juno,Suravasa,,49.7,10.5
EU,juno,Blizzard World,,48.6,11.5
EU,juno,King's Row,,48.2,11.8
EU,juno,Numbani,,47.2,11.4
EU,juno,Route 66,,47.0,11.5
EU,juno,Havana,,46.4,7.9
EU,juno,New Queen Street,,45.7,10.3
ASIA,zenyatta,Runasapi,,59.5,2.0
ASIA,zenyatta,Suravasa,,56.5,2.9
ASIA,zenyatta,Esperança,,53.6,1.4
ASIA,zenyatta,New Junk City,,52.0,1.9
ASIA,zenyatta,Ilios,,51.9,2.8
ASIA,zenyatta,Blizzard World,,51.3,5.3
ASIA,zenyatta,Shambali Monastery,,51.2,6.1
ASIA,zenyatta,Oasis,,51.0,2.7
ASIA,zenyatta,Busan,,49.9,3.7
ASIA,zenyatta,Junkertown,,49.7,11.4
ASIA,zenyatta,Midtown,,48.2,6.7
ASIA,zenyatta,Watchpoint: Gibraltar,,48.2,4.3
ASIA,zenyatta,Havana,,48.0,20.4
ASIA,zenyatta,New Queen Street,,47.5,2.7
ASIA,zenyatta,Samoa,,47.4,3.3
ASIA,zenyatta,King's Row,,47.1,7.9
ASIA,zenyatta,Nepal,,46.2,3.8
ASIA,zenyatta,Aatlis,,46.0,1.9
ASIA,zenyatta,Paraíso,,46.0,4.0
ASIA,zenyatta,Hollywood,,45.2,7.0
ASIA,zenyatta,Circuit Royal,,44.2,22.4
ASIA,zenyatta,Route 66,,42.7,5.0
ASIA,zenyatta,Rialto,,41.9,6.1
ASIA,zenyatta,Lijiang Tower,,40.2,3.0
ASIA,zenyatta,Dorado,,39.6,3.5
ASIA,zenyatta,Eichenwalde,,39.6,4.8
ASIA,zenyatta,Colosseo,,38.1,2.9
ASIA,zenyatta,Numbani,,35.7,3.7
US,zenyatta,Suravasa,,57.8,3.6
US,zenyatta,Shambali Monastery,,57.8,7.0
US,zenyatta,Route 66,,56.7,7.0
US,zenyatta,Colosseo,,53.7,5.0
US,zenyatta,King's Row,,52.8,7.7
US,zenyatta,Samoa,,52.3,4.4
US,zenyatta,Nepal,,52.1,4.3
US,zenyatta,Oasis,,51.1,4.0
US,zenyatta,Numbani,,50.7,5.2
US,zenyatta,Junkertown,,50.6,12.0
US,zenyatta,Runasapi,,50.2,3.4
US,zenyatta,Hollywood,,50.2,5.9
US,zenyatta,Busan,,49.4,4.4
US,zenyatta,Circuit Royal,,49.2,14.5
US,zenyatta,Lijiang Tower,,48.9,4.0
US,zenyatta,Watchpoint: Gibraltar,,48.3,4.7
US,zenyatta,New Queen Street,,48.3,4.1
US,zenyatta,Havana,,48.0,16.4
US,zenyatta,New Junk City,,47.3,3.8
US,zenyatta,Ilios,,46.0,2.9
US,zenyatta,Aatlis,,45.8,3.2
US,zenyatta,Blizzard World,,45.7,7.0
US,zenyatta,Rialto,,44.3,8.0
US,zenyatta,Eichenwalde,,44.0,6.0
US,zenyatta,Midtown,,41.9,8.4
US,zenyatta,Dorado,,41.7,3.7
US,zenyatta,Esperança,,41.5,3.6
US,zenyatta,Paraíso,,35.3,4.4
EU,zenyatta,Midtown,,60.2,10.5
EU,zenyatta,Rialto,,56.0,10.3
EU,zenyatta,Watchpoint: Gibraltar,,54.8,5.6
EU,zenyatta,Paraíso,,54.3,11.0
EU,zenyatta,Blizzard World,,54.1,10.1
EU,zenyatta,Aatlis,,53.9,4.3
EU,zenyatta,Busan,,53.7,6.4
EU,zenyatta,Shambali Monastery,,53.4,7.7
EU,zenyatta,New Queen Street,,52.9,6.3
EU,zenyatta,Hollywood,,52.4,9.6
EU,zenyatta,Oasis,,52.2,5.7
EU,zenyatta,Ilios,,52.2,3.9
EU,zenyatta,Havana,,52.1,19.6
EU,zenyatta,King's Row,,51.3,11.2
EU,zenyatta,Suravasa,,50.9,4.8
EU,zenyatta,Esperança,,50.1,4.3
EU,zenyatta,New Junk City,,49.8,4.8
EU,zenyatta,Eichenwalde,,49.1,7.9
EU,zenyatta,Lijiang Tower,,48.7,5.7
EU,zenyatta,Circuit Royal,,48.3,16.1
EU,zenyatta,Samoa,,47.4,6.3
EU,zenyatta,Numbani,,46.4,7.3
EU,zenyatta,Nepal,,45.5,5.8
EU,zenyatta,Runasapi,,44.9,4.3
EU,zenyatta,Junkertown,,44.8,11.5
EU,zenyatta,Dorado,,44.7,5.4
EU,zenyatta,Colosseo,,44.1,6.7
EU,zenyatta,Route 66,,43.8,8.4
ASIA,winston,Dorado,,61.1,37.3
ASIA,winston,Blizzard World,,58.3,20.3
ASIA,winston,New Queen Street,,57.2,20.8
ASIA,winston,Watchpoint: Gibraltar,,57.0,39.4
ASIA,winston,Junkertown,,55.4,15.7
ASIA,winston,Samoa,,55.3,14.6
ASIA,winston,Hollywood,,54.4,20.2
ASIA,winston,Numbani,,54.2,28.8
ASIA,winston,Suravasa,,52.8,19.8
ASIA,winston,Colosseo,,52.6,19.9
ASIA,winston,Lijiang Tower,,52.5,13.1
ASIA,winston,Rialto,,52.2,20.6
ASIA,winston,Esperança,,51.4,25.2
ASIA,winston,Runasapi,,51.0,16.4
ASIA,winston,Paraíso,,50.3,22.8
ASIA,winston,Oasis,,50.0,19.7
ASIA,winston,Midtown,,49.6,10.2
ASIA,winston,Route 66,,49.3,23.6
ASIA,winston,New Junk City,,49.2,10.3
ASIA,winston,Busan,,48.3,18.4
ASIA,winston,Eichenwalde,,47.4,12.4
ASIA,winston,Nepal,,47.0,12.8
ASIA,winston,Shambali Monastery,,46.2,7.6
ASIA,winston,Ilios,,46.2,27.7
ASIA,winston,Aatlis,,45.4,9.6
ASIA,winston,King's Row,,44.8,15.5
ASIA,winston,Havana,,38.8,5.0
ASIA,winston,Circuit Royal,,27.4,2.8
US,winston,Junkertown,,58.4,8.0
US,winston,Midtown,,58.2,5.3
US,winston,Colosseo,,56.6,8.6
US,winston,Numbani,,56.5,26.5
US,winston,Route 66,,55.7,12.5
US,winston,Dorado,,52.9,29.9
US,winston,Esperança,,52.4,12.7
US,winston,New Queen Street,,52.1,10.9
US,winston,Ilios,,51.4,18.0
US,winston,Oasis,,51.4,9.8
US,winston,Watchpoint: Gibraltar,,50.3,31.8
US,winston,Lijiang Tower,,49.2,4.3
US,winston,Rialto,,48.3,10.1
US,winston,Paraíso,,48.1,25.3
US,winston,Eichenwalde,,47.6,5.9
US,winston,Hollywood,,47.3,12.9
US,winston,Busan,,47.3,9.4
US,winston,Aatlis,,47.1,5.2
US,winston,Shambali Monastery,,47.0,4.4
US,winston,Samoa,,46.9,5.8
US,winston,Suravasa,,46.3,8.1
US,winston,Circuit Royal,,44.6,2.2
US,winston,King's Row,,43.8,5.4
US,winston,Blizzard World,,43.7,12.5
US,winston,Nepal,,43.5,5.3
US,winston,Runasapi,,43.3,6.8
US,winston,New Junk City,,39.6,3.1
US,winston,Havana,,31.9,3.7
EU,winston,Paraíso,,61.7,27.6
EU,winston,Watchpoint: Gibraltar,,61.1,29.7
EU,winston,Junkertown,,58.8,15.5
EU,winston,Dorado,,57.4,30.4
EU,winston,Rialto,,56.5,14.9
EU,winston,Oasis,,55.8,12.2
EU,winston,Esperança,,54.8,17.9
EU,winston,Numbani,,54.8,25.5
EU,winston,Samoa,,54.8,9.4
EU,winston,Ilios,,54.6,21.9
EU,winston,Runasapi,,54.6,11.1
EU,winston,Busan,,54.0,13.8
EU,winston,Nepal,,52.9,8.0
EU,winston,Hollywood,,51.9,15.6
EU,winston,Suravasa,,51.7,11.4
EU,winston,Route 66,,51.4,16.4
EU,winston,King's Row,,51.4,6.6
EU,winston,Havana,,50.6,6.4
EU,winston,Colosseo,,50.4,11.9
EU,winston,Blizzard World,,49.9,13.6
EU,winston,Lijiang Tower,,49.6,6.6
EU,winston,Eichenwalde,,48.8,9.4
EU,winston,Aatlis,,48.0,5.7
EU,winston,New Queen Street,,46.2,14.0
EU,winston,New Junk City,,43.9,5.6
EU,winston,Circuit Royal,,42.9,3.2
EU,winston,Shambali Monastery,,40.8,5.5
EU,winston,Midtown,,36.5,5.8
ASIA,orisa,Rialto,,62.9,2.1
ASIA,orisa,Oasis,,57.3,3.4
ASIA,orisa,Nepal,,56.4,2.8
ASIA,orisa,Eichenwalde,,56.0,4.0
ASIA,orisa,Route 66,,55.4,2.2
ASIA,orisa,Busan,,52.6,2.1
ASIA,orisa,King's Row,,52.5,3.8
ASIA,orisa,Havana,,50.1,1.5
ASIA,orisa,Hollywood,,48.7,2.8
ASIA,orisa,New Junk City,,48.3,3.5
ASIA,orisa,Circuit Royal,,47.6,3.8
ASIA,orisa,Runasapi,,46.9,2.6
ASIA,orisa,Lijiang Tower,,44.9,3.6
ASIA,orisa,Samoa,,44.5,3.5
ASIA,orisa,Numbani,,44.1,2.4
ASIA,orisa,Aatlis,,43.4,3.3
ASIA,orisa,Shambali Monastery,,42.6,3.3
ASIA,orisa,Watchpoint: Gibraltar,,41.1,1.7
ASIA,orisa,Ilios,,38.5,1.8
ASIA,orisa,Colosseo,,38.1,1.7
ASIA,orisa,New Queen Street,,37.5,2.2
ASIA,orisa,Suravasa,,37.3,2.3
ASIA,orisa,Dorado,,36.2,1.5
ASIA,orisa,Junkertown,,34.7,3.0
ASIA,orisa,Esperança,,34.0,2.1
ASIA,orisa,Blizzard World,,27.8,2.1
ASIA,orisa,Paraíso,,23.5,2.5
ASIA,orisa,Midtown,,17.0,1.5
US,orisa,Runasapi,,55.7,5.4
US,orisa,Midtown,,55.3,5.3
US,orisa,Havana,,55.1,6.3
US,orisa,Route 66,,51.9,3.2
US,orisa,Circuit Royal,,51.3,4.4
US,orisa,Lijiang Tower,,50.6,5.5
US,orisa,Samoa,,50.4,5.4
US,orisa,Junkertown,,50.3,3.0
US,orisa,Oasis,,49.4,4.8
US,orisa,Hollywood,,49.0,3.4
US,orisa,Rialto,,48.8,4.8
US,orisa,Busan,,48.2,4.6
US,orisa,Shambali Monastery,,48.2,3.4
US,orisa,King's Row,,45.7,5.5
US,orisa,Esperança,,45.5,4.0
US,orisa,Nepal,,45.4,4.4
US,orisa,Watchpoint: Gibraltar,,45.0,2.2
US,orisa,New Junk City,,43.9,5.8
US,orisa,Eichenwalde,,43.6,5.2
US,orisa,Dorado,,43.4,1.5
US,orisa,Colosseo,,42.6,4.8
US,orisa,Suravasa,,41.8,4.2
US,orisa,Blizzard World,,39.1,3.2
US,orisa,Ilios,,38.6,3.5
US,orisa,Aatlis,,38.4,4.6
US,orisa,New Queen Street,,37.8,4.3
US,orisa,Numbani,,26.3,2.0
US,orisa,Paraíso,,15.2,2.7
EU,orisa,Oasis,,55.1,4.5
EU,orisa,Suravasa,,52.1,4.3
EU,orisa,Midtown,,50.4,3.7
EU,orisa,New Queen Street,,49.9,3.6
EU,orisa,Runasapi,,49.5,3.9
EU,orisa,Dorado,,48.9,2.6
EU,orisa,Route 66,,48.1,3.3
EU,orisa,Havana,,47.1,3.4
EU,orisa,Samoa,,46.9,5.3
EU,orisa,Ilios,,46.9,3.7
EU,orisa,Circuit Royal,,46.6,3.6
EU,orisa,Aatlis,,45.5,5.0
EU,orisa,Hollywood,,45.5,5.5
EU,orisa,Shambali Monastery,,44.6,4.5
EU,orisa,King's Row,,44.1,5.5
EU,orisa,Eichenwalde,,44.1,4.5
EU,orisa,Colosseo,,44.0,3.8
EU,orisa,Blizzard World,,43.7,4.2
EU,orisa,Rialto,,43.7,4.6
EU,orisa,New Junk City,,43.7,5.0
EU,orisa,Lijiang Tower,,43.6,5.2
EU,orisa,Nepal,,42.5,3.7
EU,orisa,Numbani,,42.2,3.8
EU,orisa,Paraíso,,41.3,1.2
EU,orisa,Esperança,,38.2,3.1
EU,orisa,Busan,,37.9,3.8
EU,orisa,Junkertown,,29.2,3.6
EU,orisa,Watchpoint: Gibraltar,,25.6,2.2
ASIA,bastion,Paraíso,,67.5,1.0
ASIA,bastion,Circuit Royal,,63.1,3.5
ASIA,bastion,Runasapi,,57.7,1.2
ASIA,bastion,New Junk City,,57.1,1.0
ASIA,bastion,Lijiang Tower,,55.3,1.3
ASIA,bastion,Ilios,,53.9,1.1
ASIA,bastion,Numbani,,52.5,1.4
ASIA,bastion,Busan,,51.7,0.9
ASIA,bastion,Blizzard World,,49.4,1.0
ASIA,bastion,Suravasa,,46.6,0.9
ASIA,bastion,Route 66,,45.8,1.5
ASIA,bastion,Eichenwalde,,44.5,1.7
ASIA,bastion,Shambali Monastery,,44.2,2.2
ASIA,bastion,King's Row,,42.8,2.2
ASIA,bastion,Watchpoint: Gibraltar,,42.0,1.5
ASIA,bastion,Colosseo,,41.9,1.1
ASIA,bastion,Oasis,,40.0,1.0
ASIA,bastion,Rialto,,36.5,1.2
ASIA,bastion,Hollywood,,36.4,1.5
ASIA,bastion,Esperança,,34.5,0.8
ASIA,bastion,Samoa,,34.5,0.9
ASIA,bastion,Nepal,,34.2,1.0
ASIA,bastion,Dorado,,31.8,2.3
ASIA,bastion,Midtown,,27.8,1.6
ASIA,bastion,Junkertown,,27.5,1.3
ASIA,bastion,Aatlis,,23.4,1.0
ASIA,bastion,New Queen Street,,22.3,0.6
ASIA,bastion,Havana,,7.9,2.3
US,bastion,Runasapi,,57.1,5.4
US,bastion,Circuit Royal,,55.5,11.8
US,bastion,Aatlis,,54.5,5.4
US,bastion,Havana,,53.3,8.0
US,bastion,Lijiang Tower,,53.2,6.7
US,bastion,Busan,,53.0,5.5
US,bastion,Samoa,,53.0,6.5
US,bastion,Nepal,,52.9,6.0
US,bastion,Eichenwalde,,52.3,5.3
US,bastion,Route 66,,51.7,7.1
US,bastion,Dorado,,51.5,6.4
US,bastion,Paraíso,,50.0,7.0
US,bastion,King's Row,,49.5,9.3
US,bastion,Numbani,,48.9,7.7
US,bastion,Shambali Monastery,,48.8,7.4
US,bastion,Blizzard World,,48.8,5.7
US,bastion,Oasis,,48.6,5.4
US,bastion,Suravasa,,48.2,4.6
US,bastion,Rialto,,47.4,7.5
US,bastion,Colosseo,,47.0,5.7
US,bastion,Ilios,,45.5,3.4
US,bastion,Watchpoint: Gibraltar,,44.1,5.6
US,bastion,Hollywood,,43.2,6.1
US,bastion,New Junk City,,42.9,6.0
US,bastion,Esperança,,42.1,4.9
US,bastion,New Queen Street,,41.5,4.6
US,bastion,Junkertown,,38.2,9.1
US,bastion,Midtown,,35.9,6.8
EU,bastion,Oasis,,56.0,5.2
EU,bastion,Suravasa,,55.9,5.4
EU,bastion,Paraíso,,53.8,5.8
EU,bastion,Havana,,53.4,6.6
EU,bastion,Route 66,,53.2,7.3
EU,bastion,New Junk City,,53.2,6.0
EU,bastion,King's Row,,53.1,9.0
EU,bastion,Lijiang Tower,,52.5,6.6
EU,bastion,Busan,,51.3,5.8
EU,bastion,Nepal,,51.2,5.9
EU,bastion,Shambali Monastery,,50.9,8.8
EU,bastion,Esperança,,50.3,4.5
EU,bastion,Circuit Royal,,50.2,10.8
EU,bastion,New Queen Street,,50.1,5.8
EU,bastion,Runasapi,,50.0,5.4
EU,bastion,Colosseo,,49.4,5.8
EU,bastion,Dorado,,49.0,4.8
EU,bastion,Eichenwalde,,48.1,7.6
EU,bastion,Watchpoint: Gibraltar,,47.8,7.3
EU,bastion,Ilios,,47.6,4.2
EU,bastion,Aatlis,,47.5,5.6
EU,bastion,Numbani,,47.1,8.5
EU,bastion,Junkertown,,46.2,8.7
EU,bastion,Blizzard World,,45.7,6.1
EU,bastion,Midtown,,44.1,7.9
EU,bastion,Samoa,,41.7,6.5
EU,bastion,Hollywood,,41.4,7.6
EU,bastion,Rialto,,39.8,6.7
ASIA,dva,Paraíso,,66.2,15.5
ASIA,dva,Eichenwalde,,62.0,12.7
ASIA,dva,Havana,,59.9,6.7
ASIA,dva,New Junk City,,58.9,11.5
ASIA,dva,New Queen Street,,58.6,14.8
ASIA,dva,Numbani,,58.4,17.9
ASIA,dva,Nepal,,58.3,12.3
ASIA,dva,Watchpoint: Gibraltar,,56.6,16.0
ASIA,dva,Ilios,,56.5,17.3
ASIA,dva,Busan,,56.1,14.5
ASIA,dva,Lijiang Tower,,56.0,11.5
ASIA,dva,King's Row,,55.1,10.3
ASIA,dva,Route 66,,54.5,14.0
ASIA,dva,Shambali Monastery,,53.9,8.6
ASIA,dva,Hollywood,,53.6,12.9
ASIA,dva,Colosseo,,53.5,14.4
ASIA,dva,Runasapi,,53.2,14.9
ASIA,dva,Suravasa,,52.9,13.8
ASIA,dva,Rialto,,52.2,16.3
ASIA,dva,Esperança,,50.9,16.9
ASIA,dva,Dorado,,50.6,15.7
ASIA,dva,Aatlis,,50.4,11.7
ASIA,dva,Oasis,,49.4,16.1
ASIA,dva,Blizzard World,,49.2,14.9
ASIA,dva,Midtown,,48.9,10.9
ASIA,dva,Junkertown,,48.8,10.4
ASIA,dva,Samoa,,45.9,12.0
ASIA,dva,Circuit Royal,,42.2,4.8
US,dva,Blizzard World,,60.4,9.7
US,dva,Shambali Monastery,,59.7,7.1
US,dva,Rialto,,59.5,10.4
US,dva,Eichenwalde,,57.5,7.3
US,dva,Ilios,,56.1,12.6
US,dva,New Queen Street,,55.5,10.3
US,dva,Runasapi,,55.0,8.4
US,dva,Suravasa,,54.9,9.4
US,dva,Esperança,,54.1,12.7
US,dva,Busan,,54.0,10.8
US,dva,Colosseo,,53.2,9.7
US,dva,Lijiang Tower,,53.2,8.9
US,dva,Numbani,,52.4,11.4
US,dva,Oasis,,51.3,11.0
US,dva,King's Row,,51.2,6.8
US,dva,Hollywood,,51.2,10.9
US,dva,Dorado,,51.1,10.1
US,dva,Nepal,,51.0,8.2
US,dva,New Junk City,,50.9,7.0
US,dva,Aatlis,,50.2,8.9
US,dva,Watchpoint: Gibraltar,,50.1,9.8
US,dva,Samoa,,48.3,7.0
US,dva,Paraíso,,47.9,9.1
US,dva,Route 66,,47.2,9.7
US,dva,Midtown,,46.0,5.1
US,dva,Havana,,43.0,6.1
US,dva,Circuit Royal,,42.4,4.8
US,dva,Junkertown,,42.3,5.9
EU,dva,Paraíso,,71.5,13.1
EU,dva,Numbani,,62.7,9.1
EU,dva,Rialto,,61.2,12.3
EU,dva,Blizzard World,,60.9,9.4
EU,dva,Midtown,,60.8,9.1
EU,dva,Samoa,,60.6,9.9
EU,dva,Lijiang Tower,,60.5,9.6
EU,dva,Shambali Monastery,,60.1,8.3
EU,dva,Hollywood,,59.8,8.6
EU,dva,Watchpoint: Gibraltar,,58.3,9.8
EU,dva,Busan,,58.1,9.0
EU,dva,Runasapi,,57.8,11.1
EU,dva,Nepal,,57.4,8.8
EU,dva,Eichenwalde,,56.6,8.4
EU,dva,Circuit Royal,,56.3,7.1
EU,dva,Colosseo,,55.4,10.8
EU,dva,Ilios,,55.2,12.3
EU,dva,New Queen Street,,55.2,10.9
EU,dva,Route 66,,54.9,10.1
EU,dva,Oasis,,54.7,9.8
EU,dva,New Junk City,,54.2,8.8
EU,dva,Aatlis,,53.8,7.5
EU,dva,Junkertown,,52.9,9.4
EU,dva,Suravasa,,51.9,9.1
EU,dva,Esperança,,50.7,11.5
EU,dva,Dorado,,49.6,11.0
EU,dva,King's Row,,47.6,8.7
EU,dva,Havana,,47.0,9.7
ASIA,mercy,Numbani,,62.3,4.1
ASIA,mercy,Colosseo,,58.8,2.0
ASIA,mercy,Blizzard World,,57.8,2.8
ASIA,mercy,Suravasa,,56.3,2.0
ASIA,mercy,Shambali Monastery,,50.1,2.0
ASIA,mercy,Hollywood,,47.0,3.6
ASIA,mercy,Eichenwalde,,45.2,4.2
ASIA,mercy,Aatlis,,45.2,2.3
ASIA,mercy,Ilios,,44.7,3.1
ASIA,mercy,Runasapi,,44.6,1.9
ASIA,mercy,Circuit Royal,,44.0,4.0
ASIA,mercy,Busan,,43.4,2.3
ASIA,mercy,Nepal,,43.0,2.0
ASIA,mercy,Dorado,,42.5,4.2
ASIA,mercy,King's Row,,41.5,2.5
ASIA,mercy,Watchpoint: Gibraltar,,40.6,3.1
ASIA,mercy,Midtown,,39.5,3.2
ASIA,mercy,Esperança,,39.1,2.1
ASIA,mercy,New Queen Street,,39.0,2.1
ASIA,mercy,Lijiang Tower,,38.6,2.1
ASIA,mercy,Route 66,,37.8,3.9
ASIA,mercy,Oasis,,37.7,1.9
ASIA,mercy,Rialto,,31.3,3.6
ASIA,mercy,New Junk City,,28.4,2.1
ASIA,mercy,Havana,,26.2,4.2
ASIA,mercy,Samoa,,25.0,2.5
ASIA,mercy,Junkertown,,23.3,2.1
ASIA,mercy,Paraíso,,18.7,5.4
US,mercy,Route 66,,59.4,13.2
US,mercy,Junkertown,,55.1,14.9
US,mercy,Nepal,,53.9,10.5
US,mercy,Havana,,53.8,14.1
US,mercy,Hollywood,,53.3,15.1
US,mercy,Ilios,,53.2,11.8
US,mercy,Blizzard World,,52.4,12.6
US,mercy,New Queen Street,,51.4,12.4
US,mercy,Watchpoint: Gibraltar,,51.2,12.5
US,mercy,Circuit Royal,,51.1,13.7
US,mercy,Rialto,,51.0,13.8
US,mercy,Dorado,,50.9,15.8
US,mercy,Shambali Monastery,,50.5,11.6
US,mercy,Esperança,,50.4,10.5
US,mercy,King's Row,,49.2,10.4
US,mercy,Runasapi,,48.6,10.8
US,mercy,Oasis,,48.6,10.3
US,mercy,Numbani,,48.3,11.2
US,mercy,Suravasa,,48.0,10.5
US,mercy,Busan,,47.6,9.4
US,mercy,Lijiang Tower,,46.9,11.8
US,mercy,Samoa,,46.2,10.3
US,mercy,Eichenwalde,,46.0,11.2
US,mercy,Colosseo,,45.9,11.4
US,mercy,Aatlis,,45.2,6.3
US,mercy,Midtown,,44.6,13.0
US,mercy,New Junk City,,42.6,6.4
US,mercy,Paraíso,,39.9,14.6
EU,mercy,Circuit Royal,,57.4,12.6
EU,mercy,Paraíso,,55.8,13.0
EU,mercy,Junkertown,,55.1,12.4
EU,mercy,Oasis,,54.6,11.5
EU,mercy,Colosseo,,53.6,11.0
EU,mercy,Route 66,,52.2,13.6
EU,mercy,Shambali Monastery,,52.0,12.6
EU,mercy,Suravasa,,51.7,9.8
EU,mercy,Ilios,,51.7,11.2
EU,mercy,Runasapi,,51.5,9.9
EU,mercy,Watchpoint: Gibraltar,,51.3,14.3
EU,mercy,Busan,,50.3,11.0
EU,mercy,Samoa,,50.1,10.2
EU,mercy,Esperança,,47.8,10.5
EU,mercy,Eichenwalde,,47.5,12.4
EU,mercy,New Junk City,,47.4,7.5
EU,mercy,Havana,,47.2,14.6
EU,mercy,Dorado,,47.1,14.0
EU,mercy,Aatlis,,46.7,8.2
EU,mercy,Nepal,,46.3,10.5
EU,mercy,Hollywood,,46.1,13.1
EU,mercy,Numbani,,45.7,13.3
EU,mercy,King's Row,,44.8,11.8
EU,mercy,New Queen Street,,44.8,11.6
EU,mercy,Midtown,,44.7,11.4
EU,mercy,Lijiang Tower,,44.6,10.9
EU,mercy,Rialto,,44.0,12.5
EU,mercy,Blizzard World,,42.9,13.1
ASIA,zarya,Oasis,,64.2,7.2
ASIA,zarya,Aatlis,,62.9,13.2
ASIA,zarya,Esperança,,55.0,5.8
ASIA,zarya,Eichenwalde,,54.8,8.7
ASIA,zarya,Samoa,,54.3,10.1
ASIA,zarya,Junkertown,,54.2,2.6
ASIA,zarya,Busan,,54.0,7.2
ASIA,zarya,New Junk City,,53.4,15.3
ASIA,zarya,Circuit Royal,,52.4,6.4
ASIA,zarya,Shambali Monastery,,52.0,9.6
ASIA,zarya,New Queen Street,,51.8,4.6
ASIA,zarya,Lijiang Tower,,51.6,13.4
ASIA,zarya,Nepal,,50.6,9.4
ASIA,zarya,Havana,,47.9,2.7
ASIA,zarya,Paraíso,,47.3,7.2
ASIA,zarya,Rialto,,46.6,7.0
ASIA,zarya,Watchpoint: Gibraltar,,46.5,2.7
ASIA,zarya,Midtown,,46.4,8.1
ASIA,zarya,Route 66,,46.2,7.5
ASIA,zarya,Runasapi,,45.7,7.4
ASIA,zarya,King's Row,,45.6,12.9
ASIA,zarya,Numbani,,45.5,5.3
ASIA,zarya,Colosseo,,44.5,6.9
ASIA,zarya,Suravasa,,42.6,7.0
ASIA,zarya,Hollywood,,41.4,8.8
ASIA,zarya,Blizzard World,,37.8,7.0
ASIA,zarya,Ilios,,33.1,3.6
ASIA,zarya,Dorado,,27.6,3.5
US,zarya,Paraíso,,64.0,5.2
US,zarya,Junkertown,,62.1,3.1
US,zarya,Ilios,,57.1,4.5
US,zarya,Samoa,,56.6,10.3
US,zarya,Oasis,,55.6,8.1
US,zarya,Numbani,,54.9,3.3
US,zarya,Blizzard World,,54.6,7.4
US,zarya,Shambali Monastery,,54.3,7.9
US,zarya,Aatlis,,53.5,11.1
US,zarya,Suravasa,,52.4,8.0
US,zarya,Eichenwalde,,51.3,8.7
US,zarya,Esperança,,50.8,6.2
US,zarya,Runasapi,,50.2,9.8
US,zarya,New Junk City,,49.6,12.3
US,zarya,King's Row,,49.2,10.7
US,zarya,Lijiang Tower,,49.1,10.6
US,zarya,Circuit Royal,,46.7,5.4
US,zarya,Colosseo,,46.7,6.7
US,zarya,Busan,,46.3,6.2
US,zarya,Hollywood,,45.7,6.6
US,zarya,Rialto,,45.3,6.3
US,zarya,New Queen Street,,44.2,6.5
US,zarya,Havana,,41.0,3.6
US,zarya,Midtown,,40.9,7.9
US,zarya,Route 66,,40.8,5.7
US,zarya,Nepal,,40.5,8.4
US,zarya,Dorado,,40.5,3.6
US,zarya,Watchpoint: Gibraltar,,36.9,2.6
EU,zarya,Dorado,,55.1,1.6
EU,zarya,Paraíso,,53.7,4.2
EU,zarya,New Junk City,,53.3,10.5
EU,zarya,Rialto,,50.2,3.7
EU,zarya,New Queen Street,,49.4,4.7
EU,zarya,Havana,,49.2,4.3
EU,zarya,Aatlis,,48.9,8.8
EU,zarya,Busan,,48.3,5.0
EU,zarya,Colosseo,,47.9,5.6
EU,zarya,Suravasa,,47.8,6.4
EU,zarya,Runasapi,,47.2,7.1
EU,zarya,Eichenwalde,,46.3,6.7
EU,zarya,Samoa,,45.6,8.5
EU,zarya,Hollywood,,45.6,5.7
EU,zarya,Shambali Monastery,,45.4,6.5
EU,zarya,Junkertown,,44.9,2.1
EU,zarya,King's Row,,44.8,9.6
EU,zarya,Oasis,,44.7,5.9
EU,zarya,Nepal,,44.7,8.0
EU,zarya,Blizzard World,,43.9,4.8
EU,zarya,Ilios,,43.9,3.2
EU,zarya,Circuit Royal,,43.7,5.9
EU,zarya,Numbani,,43.6,3.0
EU,zarya,Route 66,,43.4,4.1
EU,zarya,Midtown,,42.1,8.2
EU,zarya,Watchpoint: Gibraltar,,42.1,1.6
EU,zarya,Lijiang Tower,,42.0,8.2
EU,zarya,Esperança,,41.7,4.0
ASIA,tracer,Watchpoint: Gibraltar,,59.8,45.0
ASIA,tracer,Hollywood,,59.4,36.3
ASIA,tracer,Oasis,,59.2,52.8
ASIA,tracer,Suravasa,,59.2,51.4
ASIA,tracer,New Queen Street,,57.6,52.2
ASIA,tracer,Runasapi,,57.0,51.8
ASIA,tracer,Paraíso,,56.9,23.4
ASIA,tracer,Dorado,,56.9,37.2
ASIA,tracer,Samoa,,56.3,48.4
ASIA,tracer,Route 66,,55.3,38.5
ASIA,tracer,Eichenwalde,,55.1,34.1
ASIA,tracer,Lijiang Tower,,54.8,41.6
ASIA,tracer,Esperança,,54.2,52.8
ASIA,tracer,Midtown,,53.8,31.6
ASIA,tracer,New Junk City,,53.5,47.5
ASIA,tracer,Rialto,,53.4,33.6
ASIA,tracer,Colosseo,,52.9,45.1
ASIA,tracer,Junkertown,,52.7,26.1
ASIA,tracer,King's Row,,52.7,29.2
ASIA,tracer,Numbani,,52.4,40.3
ASIA,tracer,Ilios,,51.9,51.3
ASIA,tracer,Busan,,51.8,50.9
ASIA,tracer,Nepal,,50.2,42.2
ASIA,tracer,Circuit Royal,,49.0,3.8
ASIA,tracer,Havana,,47.8,12.9
ASIA,tracer,Aatlis,,46.9,49.1
ASIA,tracer,Blizzard World,,46.5,41.7
ASIA,tracer,Shambali Monastery,,44.5,23.3
US,tracer,Paraíso,,63.0,23.9
US,tracer,Midtown,,57.4,22.6
US,tracer,Runasapi,,56.4,36.9
US,tracer,Numbani,,56.2,29.2
US,tracer,Colosseo,,55.7,32.7
US,tracer,Shambali Monastery,,55.3,19.8
US,tracer,Havana,,55.2,9.6
US,tracer,Busan,,55.1,35.9
US,tracer,Esperança,,53.7,40.6
US,tracer,Hollywood,,53.6,26.6
US,tracer,New Queen Street,,53.4,37.2
US,tracer,Samoa,,53.2,34.6
US,tracer,Watchpoint: Gibraltar,,52.5,33.6
US,tracer,Suravasa,,52.5,36.1
US,tracer,Nepal,,52.3,31.3
US,tracer,New Junk City,,52.3,34.9
US,tracer,Ilios,,51.7,41.1
US,tracer,Oasis,,49.7,36.6
US,tracer,Aatlis,,49.6,37.7
US,tracer,Junkertown,,49.6,17.9
US,tracer,Rialto,,49.5,20.6
US,tracer,Eichenwalde,,49.3,23.3
US,tracer,Lijiang Tower,,49.1,32.5
US,tracer,Blizzard World,,48.3,28.9
US,tracer,Dorado,,47.8,30.9
US,tracer,Route 66,,46.5,24.4
US,tracer,Circuit Royal,,44.3,5.1
US,tracer,King's Row,,43.1,17.4
EU,tracer,Midtown,,59.2,20.9
EU,tracer,New Queen Street,,59.1,35.2
EU,tracer,Junkertown,,57.4,22.7
EU,tracer,Route 66,,55.9,25.0
EU,tracer,Dorado,,55.7,32.5
EU,tracer,Lijiang Tower,,55.3,31.6
EU,tracer,Watchpoint: Gibraltar,,54.3,33.5
EU,tracer,Suravasa,,54.0,35.4
EU,tracer,Samoa,,53.8,35.1
EU,tracer,Ilios,,53.7,38.2
EU,tracer,New Junk City,,53.5,35.3
EU,tracer,Aatlis,,53.3,35.9
EU,tracer,Esperança,,53.3,37.5
EU,tracer,Hollywood,,53.0,26.9
EU,tracer,Colosseo,,53.0,32.6
EU,tracer,Nepal,,52.8,29.9
EU,tracer,King's Row,,52.7,18.6
EU,tracer,Oasis,,52.7,35.5
EU,tracer,Busan,,51.5,32.9
EU,tracer,Runasapi,,51.3,38.2
EU,tracer,Shambali Monastery,,51.0,18.1
EU,tracer,Numbani,,50.3,28.5
EU,tracer,Eichenwalde,,50.0,26.5
EU,tracer,Blizzard World,,49.9,27.3
EU,tracer,Paraíso,,49.7,20.9
EU,tracer,Rialto,,48.6,22.7
EU,tracer,Circuit Royal,,45.5,4.8
EU,tracer,Havana,,44.6,12.0
ASIA,reinhardt,Havana,,55.8,3.6
ASIA,reinhardt,Watchpoint: Gibraltar,,49.7,3.0
ASIA,reinhardt,Junkertown,,49.6,1.9
ASIA,reinhardt,Runasapi,,47.7,4.3
ASIA,reinhardt,Esperança,,46.7,2.9
ASIA,reinhardt,Rialto,,45.1,3.4
ASIA,reinhardt,Samoa,,44.9,3.9
ASIA,reinhardt,Ilios,,43.3,1.2
ASIA,reinhardt,Numbani,,43.2,2.5
ASIA,reinhardt,New Junk City,,43.1,3.8
ASIA,reinhardt,Blizzard World,,42.6,3.2
ASIA,reinhardt,Dorado,,42.5,2.6
ASIA,reinhardt,Shambali Monastery,,42.2,6.5
ASIA,reinhardt,Nepal,,41.1,3.6
ASIA,reinhardt,Aatlis,,40.0,4.1
ASIA,reinhardt,Paraíso,,39.5,1.5
ASIA,reinhardt,King's Row,,39.2,4.8
ASIA,reinhardt,Oasis,,37.6,3.7
ASIA,reinhardt,Midtown,,37.2,3.4
ASIA,reinhardt,Lijiang Tower,,36.1,3.8
ASIA,reinhardt,Eichenwalde,,35.5,5.3
ASIA,reinhardt,Busan,,35.1,3.1
ASIA,reinhardt,New Queen Street,,34.9,3.3
ASIA,reinhardt,Suravasa,,34.2,3.5
ASIA,reinhardt,Colosseo,,33.3,3.5
ASIA,reinhardt,Circuit Royal,,32.4,4.7
ASIA,reinhardt,Hollywood,,31.0,3.2
ASIA,reinhardt,Route 66,,23.3,2.7
US,reinhardt,Paraíso,,65.6,2.9
US,reinhardt,Nepal,,56.5,6.3
US,reinhardt,King's Row,,53.9,7.2
US,reinhardt,Oasis,,53.9,4.3
US,reinhardt,Colosseo,,53.8,6.0
US,reinhardt,Eichenwalde,,53.3,6.5
US,reinhardt,Suravasa,,52.1,4.6
US,reinhardt,Lijiang Tower,,51.0,7.8
US,reinhardt,Rialto,,50.7,5.8
US,reinhardt,New Queen Street,,50.4,4.8
US,reinhardt,Esperança,,49.6,4.8
US,reinhardt,Blizzard World,,49.6,4.1
US,reinhardt,Watchpoint: Gibraltar,,49.3,2.3
US,reinhardt,Runasapi,,48.5,5.2
US,reinhardt,Shambali Monastery,,47.9,6.3
US,reinhardt,Numbani,,47.3,1.9
US,reinhardt,Midtown,,46.8,6.2
US,reinhardt,Samoa,,46.5,7.2
US,reinhardt,New Junk City,,45.8,6.0
US,reinhardt,Circuit Royal,,45.5,7.1
US,reinhardt,Junkertown,,45.1,6.3
US,reinhardt,Busan,,44.7,5.3
US,reinhardt,Route 66,,43.5,5.6
US,reinhardt,Aatlis,,43.4,6.9
US,reinhardt,Havana,,40.7,4.8
US,reinhardt,Dorado,,38.0,3.7
US,reinhardt,Ilios,,34.3,2.9
US,reinhardt,Hollywood,,33.2,5.3
EU,reinhardt,Shambali Monastery,,60.6,7.1
EU,reinhardt,Esperança,,59.5,5.1
EU,reinhardt,Runasapi,,56.5,5.4
EU,reinhardt,Rialto,,55.9,5.5
EU,reinhardt,King's Row,,53.5,6.5
EU,reinhardt,Lijiang Tower,,52.6,7.6
EU,reinhardt,Aatlis,,52.1,6.8
EU,reinhardt,Watchpoint: Gibraltar,,51.8,2.7
EU,reinhardt,Samoa,,51.6,5.4
EU,reinhardt,Blizzard World,,51.4,4.0
EU,reinhardt,Junkertown,,51.0,4.3
EU,reinhardt,Circuit Royal,,51.0,7.0
EU,reinhardt,Nepal,,50.4,7.2
EU,reinhardt,Midtown,,49.6,5.3
EU,reinhardt,Oasis,,48.4,5.1
EU,reinhardt,Eichenwalde,,47.0,6.4
EU,reinhardt,Havana,,46.5,7.1
EU,reinhardt,Colosseo,,45.0,6.0
EU,reinhardt,Hollywood,,42.7,3.7
EU,reinhardt,Busan,,41.9,4.8
EU,reinhardt,New Queen Street,,41.4,5.5
EU,reinhardt,Suravasa,,40.0,5.0
EU,reinhardt,Route 66,,37.7,4.3
EU,reinhardt,Ilios,,37.7,2.9
EU,reinhardt,New Junk City,,37.0,6.6
EU,reinhardt,Numbani,,34.6,2.6
EU,reinhardt,Dorado,,31.8,2.7
EU,reinhardt,Paraíso,,15.0,2.1
ASIA,baptiste,Circuit Royal,,54.8,41.9
ASIA,baptiste,Blizzard World,,53.9,10.1
ASIA,baptiste,Junkertown,,52.2,16.7
ASIA,baptiste,Oasis,,51.8,9.0
ASIA,baptiste,Runasapi,,51.7,7.9
ASIA,baptiste,Rialto,,51.4,10.4
ASIA,baptiste,New Junk City,,49.1,8.1
ASIA,baptiste,Route 66,,49.0,14.0
ASIA,baptiste,Havana,,48.8,26.6
ASIA,baptiste,Hollywood,,47.6,10.8
ASIA,baptiste,Ilios,,47.2,7.2
ASIA,baptiste,Nepal,,46.5,11.3
ASIA,baptiste,Paraíso,,46.2,12.4
ASIA,baptiste,Shambali Monastery,,45.9,17.7
ASIA,baptiste,Busan,,45.8,8.4
ASIA,baptiste,Aatlis,,44.9,9.0
ASIA,baptiste,Numbani,,44.7,7.7
ASIA,baptiste,Colosseo,,44.7,10.1
ASIA,baptiste,New Queen Street,,44.5,6.5
ASIA,baptiste,Samoa,,44.5,11.9
ASIA,baptiste,Esperança,,44.1,5.7
ASIA,baptiste,King's Row,,43.6,14.0
ASIA,baptiste,Lijiang Tower,,42.9,9.1
ASIA,baptiste,Suravasa,,42.8,7.6
ASIA,baptiste,Watchpoint: Gibraltar,,39.2,6.0
ASIA,baptiste,Dorado,,39.1,9.6
ASIA,baptiste,Midtown,,38.0,16.2
ASIA,baptiste,Eichenwalde,,37.3,11.8
US,baptiste,Circuit Royal,,56.6,35.1
US,baptiste,Hollywood,,53.2,15.1
US,baptiste,Samoa,,52.9,12.4
US,baptiste,Dorado,,52.1,9.8
US,baptiste,Midtown,,51.7,20.0
US,baptiste,Blizzard World,,51.6,14.9
US,baptiste,Havana,,51.4,26.3
US,baptiste,Shambali Monastery,,51.4,19.2
US,baptiste,Suravasa,,51.2,9.2
US,baptiste,Lijiang Tower,,50.9,13.4
US,baptiste,King's Row,,50.8,21.5
US,baptiste,New Queen Street,,49.9,8.5
US,baptiste,Colosseo,,49.8,11.2
US,baptiste,New Junk City,,49.5,10.6
US,baptiste,Route 66,,49.3,16.4
US,baptiste,Oasis,,49.1,10.6
US,baptiste,Busan,,48.8,9.7
US,baptiste,Watchpoint: Gibraltar,,48.8,8.7
US,baptiste,Rialto,,48.6,13.6
US,baptiste,Esperança,,48.0,8.5
US,baptiste,Nepal,,47.0,13.4
US,baptiste,Eichenwalde,,47.0,17.7
US,baptiste,Junkertown,,45.1,18.8
US,baptiste,Paraíso,,44.1,13.1
US,baptiste,Aatlis,,43.7,8.7
US,baptiste,Ilios,,43.7,7.2
US,baptiste,Runasapi,,43.6,9.2
US,baptiste,Numbani,,41.0,10.9
EU,baptiste,Nepal,,54.1,10.8
EU,baptiste,Numbani,,53.3,9.8
EU,baptiste,Midtown,,52.6,18.6
EU,baptiste,Junkertown,,52.5,14.0
EU,baptiste,Route 66,,52.4,12.6
EU,baptiste,Circuit Royal,,52.0,29.5
EU,baptiste,Oasis,,51.6,10.0
EU,baptiste,Watchpoint: Gibraltar,,51.1,8.0
EU,baptiste,New Queen Street,,50.8,6.6
EU,baptiste,Dorado,,50.6,9.6
EU,baptiste,King's Row,,50.2,17.1
EU,baptiste,Havana,,50.0,19.7
EU,baptiste,Samoa,,49.8,10.6
EU,baptiste,Shambali Monastery,,49.4,16.0
EU,baptiste,Aatlis,,48.8,9.2
EU,baptiste,Paraíso,,48.1,6.6
EU,baptiste,Lijiang Tower,,47.9,11.1
EU,baptiste,Colosseo,,47.4,9.0
EU,baptiste,Hollywood,,47.0,11.9
EU,baptiste,Busan,,45.7,9.4
EU,baptiste,Ilios,,45.6,7.6
EU,baptiste,New Junk City,,45.6,9.8
EU,baptiste,Suravasa,,44.8,9.7
EU,baptiste,Esperança,,44.3,8.0
EU,baptiste,Blizzard World,,42.8,11.3
EU,baptiste,Eichenwalde,,42.5,12.9
EU,baptiste,Rialto,,40.5,9.9
EU,baptiste,Runasapi,,40.5,7.0
ASIA,hanzo,Shambali Monastery,,60.3,7.9
ASIA,hanzo,Aatlis,,57.5,2.9
ASIA,hanzo,Ilios,,56.9,3.7
ASIA,hanzo,Havana,,56.2,22.1
ASIA,hanzo,King's Row,,51.8,10.8
ASIA,hanzo,Dorado,,51.6,8.0
ASIA,hanzo,Oasis,,51.2,4.5
ASIA,hanzo,Lijiang Tower,,50.3,4.8
ASIA,hanzo,Junkertown,,50.0,16.7
ASIA,hanzo,Numbani,,49.0,8.5
ASIA,hanzo,Circuit Royal,,47.6,17.2
ASIA,hanzo,Hollywood,,46.8,10.0
ASIA,hanzo,Watchpoint: Gibraltar,,46.5,8.6
ASIA,hanzo,Colosseo,,45.9,4.3
ASIA,hanzo,Rialto,,45.7,8.1
ASIA,hanzo,Esperança,,45.0,2.7
ASIA,hanzo,Busan,,44.6,3.9
ASIA,hanzo,Runasapi,,44.5,2.2
ASIA,hanzo,Samoa,,44.2,4.1
ASIA,hanzo,Route 66,,42.2,10.8
ASIA,hanzo,Paraíso,,41.8,7.8
ASIA,hanzo,Nepal,,41.3,5.4
ASIA,hanzo,Blizzard World,,39.5,6.0
ASIA,hanzo,Suravasa,,38.8,2.0
ASIA,hanzo,New Queen Street,,38.7,3.1
ASIA,hanzo,Midtown,,36.2,8.7
ASIA,hanzo,Eichenwalde,,35.4,6.7
ASIA,hanzo,New Junk City,,35.1,3.6
US,hanzo,Numbani,,61.8,4.6
US,hanzo,Paraíso,,60.2,6.4
US,hanzo,Circuit Royal,,55.8,17.7
US,hanzo,Shambali Monastery,,55.2,8.0
US,hanzo,Runasapi,,54.6,2.6
US,hanzo,Route 66,,52.2,7.0
US,hanzo,New Queen Street,,52.1,2.0
US,hanzo,Suravasa,,51.9,2.8
US,hanzo,Dorado,,51.4,6.1
US,hanzo,Lijiang Tower,,51.4,4.0
US,hanzo,King's Row,,51.3,12.3
US,hanzo,Eichenwalde,,50.4,7.4
US,hanzo,Esperança,,50.0,2.5
US,hanzo,Colosseo,,49.8,4.0
US,hanzo,Rialto,,49.1,7.7
US,hanzo,Midtown,,48.7,7.7
US,hanzo,New Junk City,,48.2,3.2
US,hanzo,Junkertown,,47.9,11.1
US,hanzo,Hollywood,,47.8,6.1
US,hanzo,Samoa,,47.7,3.8
US,hanzo,Oasis,,46.8,3.4
US,hanzo,Blizzard World,,46.8,6.3
US,hanzo,Nepal,,46.5,4.0
US,hanzo,Watchpoint: Gibraltar,,46.1,4.4
US,hanzo,Aatlis,,45.8,2.5
US,hanzo,Havana,,44.6,17.8
US,hanzo,Ilios,,43.0,2.6
US,hanzo,Busan,,42.1,2.9
EU,hanzo,Esperança,,60.7,1.9
EU,hanzo,Colosseo,,56.6,3.4
EU,hanzo,Shambali Monastery,,53.1,7.3
EU,hanzo,Rialto,,52.5,7.2
EU,hanzo,Hollywood,,52.3,7.0
EU,hanzo,New Junk City,,51.7,4.0
EU,hanzo,Blizzard World,,50.5,7.1
EU,hanzo,Nepal,,49.8,3.9
EU,hanzo,King's Row,,49.6,9.4
EU,hanzo,Numbani,,49.4,4.6
EU,hanzo,Busan,,49.0,4.0
EU,hanzo,Ilios,,47.6,3.1
EU,hanzo,Havana,,47.5,17.0
EU,hanzo,Runasapi,,47.1,2.0
EU,hanzo,Lijiang Tower,,47.1,4.2
EU,hanzo,Circuit Royal,,47.1,13.3
EU,hanzo,Paraíso,,46.9,4.7
EU,hanzo,New Queen Street,,45.6,2.9
EU,hanzo,Suravasa,,45.2,3.0
EU,hanzo,Midtown,,44.8,7.6
EU,hanzo,Eichenwalde,,44.7,5.6
EU,hanzo,Oasis,,44.2,4.1
EU,hanzo,Dorado,,43.1,4.2
EU,hanzo,Watchpoint: Gibraltar,,42.1,5.4
EU,hanzo,Route 66,,41.9,5.6
EU,hanzo,Aatlis,,41.5,2.8
EU,hanzo,Samoa,,41.4,3.9
EU,hanzo,Junkertown,,37.5,9.5
ASIA,doomfist,Ilios,,56.0,9.6
ASIA,doomfist,Dorado,,51.2,7.9
ASIA,doomfist,Route 66,,50.6,7.4
ASIA,doomfist,Circuit Royal,,50.1,5.2
ASIA,doomfist,Oasis,,49.6,11.9
ASIA,doomfist,Aatlis,,49.0,10.2
ASIA,doomfist,Runasapi,,48.9,9.1
ASIA,doomfist,Lijiang Tower,,48.5,9.8
ASIA,doomfist,Samoa,,47.3,9.2
ASIA,doomfist,New Queen Street,,47.1,9.7
ASIA,doomfist,Colosseo,,47.0,9.2
ASIA,doomfist,Watchpoint: Gibraltar,,46.3,8.0
ASIA,doomfist,Rialto,,46.2,8.4
ASIA,doomfist,New Junk City,,46.1,8.8
ASIA,doomfist,Esperança,,46.0,9.5
ASIA,doomfist,Hollywood,,45.5,8.6
ASIA,doomfist,Busan,,45.3,8.1
ASIA,doomfist,Havana,,45.2,4.4
ASIA,doomfist,King's Row,,44.9,8.8
ASIA,doomfist,Nepal,,43.5,8.4
ASIA,doomfist,Shambali Monastery,,41.9,6.4
ASIA,doomfist,Suravasa,,41.8,10.4
ASIA,doomfist,Midtown,,40.9,6.0
ASIA,doomfist,Junkertown,,40.6,9.3
ASIA,doomfist,Eichenwalde,,38.6,8.3
ASIA,doomfist,Blizzard World,,35.4,7.6
ASIA,doomfist,Numbani,,32.2,6.1
ASIA,doomfist,Paraíso,,32.1,11.1
US,doomfist,Watchpoint: Gibraltar,,57.4,8.9
US,doomfist,Aatlis,,56.8,8.8
US,doomfist,Busan,,54.4,8.0
US,doomfist,New Queen Street,,54.2,9.8
US,doomfist,Oasis,,52.5,8.9
US,doomfist,Eichenwalde,,52.3,8.1
US,doomfist,Colosseo,,52.3,7.7
US,doomfist,Suravasa,,52.1,8.9
US,doomfist,Numbani,,50.9,10.3
US,doomfist,Esperança,,50.8,7.5
US,doomfist,Hollywood,,50.3,7.9
US,doomfist,Havana,,49.9,5.4
US,doomfist,Junkertown,,49.5,7.4
US,doomfist,Dorado,,49.0,9.1
US,doomfist,Nepal,,48.6,9.7
US,doomfist,King's Row,,48.1,7.9
US,doomfist,Lijiang Tower,,47.8,10.3
US,doomfist,Runasapi,,47.7,8.0
US,doomfist,Samoa,,47.7,8.4
US,doomfist,New Junk City,,47.3,9.1
US,doomfist,Paraíso,,47.2,7.6
US,doomfist,Blizzard World,,46.1,7.8
US,doomfist,Shambali Monastery,,45.7,7.6
US,doomfist,Route 66,,44.0,7.9
US,doomfist,Rialto,,44.0,8.1
US,doomfist,Ilios,,43.9,7.8
US,doomfist,Circuit Royal,,40.4,4.2
US,doomfist,Midtown,,40.1,6.9
EU,doomfist,Numbani,,59.9,8.5
EU,doomfist,Shambali Monastery,,58.5,6.4
EU,doomfist,Route 66,,54.7,5.5
EU,doomfist,Colosseo,,54.4,6.7
EU,doomfist,Busan,,53.1,6.9
EU,doomfist,Nepal,,51.7,7.3
EU,doomfist,Suravasa,,51.6,6.7
EU,doomfist,Havana,,50.9,5.5
EU,doomfist,Junkertown,,49.7,5.2
EU,doomfist,Dorado,,48.6,6.4
EU,doomfist,Runasapi,,48.4,6.6
EU,doomfist,Blizzard World,,47.3,5.7
EU,doomfist,Aatlis,,46.9,8.3
EU,doomfist,Lijiang Tower,,46.1,8.2
EU,doomfist,Samoa,,45.7,7.2
EU,doomfist,Esperança,,45.5,6.2
EU,doomfist,King's Row,,45.1,6.1
EU,doomfist,Ilios,,44.6,6.9
EU,doomfist,Oasis,,44.3,6.9
EU,doomfist,Circuit Royal,,44.0,4.8
EU,doomfist,Hollywood,,43.5,6.0
EU,doomfist,Rialto,,43.2,5.7
EU,doomfist,Midtown,,42.6,6.7
EU,doomfist,New Queen Street,,41.9,6.4
EU,doomfist,New Junk City,,41.4,6.2
EU,doomfist,Eichenwalde,,37.3,6.5
EU,doomfist,Watchpoint: Gibraltar,,34.8,6.1
EU,doomfist,Paraíso,,27.7,7.9
ASIA,junkrat,Junkertown,,63.3,2.3
ASIA,junkrat,Watchpoint: Gibraltar,,58.9,2.9
ASIA,junkrat,Aatlis,,57.7,2.4
ASIA,junkrat,New Junk City,,56.0,2.1
ASIA,junkrat,Midtown,,51.1,1.5
ASIA,junkrat,King's Row,,48.1,3.1
ASIA,junkrat,Route 66,,47.4,1.7
ASIA,junkrat,Paraíso,,46.7,6.9
ASIA,junkrat,Dorado,,46.2,2.8
ASIA,junkrat,Eichenwalde,,44.7,3.7
ASIA,junkrat,Runasapi,,44.3,1.3
ASIA,junkrat,Lijiang Tower,,44.3,2.4
ASIA,junkrat,Rialto,,43.8,2.5
ASIA,junkrat,New Queen Street,,43.8,1.1
ASIA,junkrat,Samoa,,43.3,2.3
ASIA,junkrat,Suravasa,,43.2,1.6
ASIA,junkrat,Oasis,,41.6,1.6
ASIA,junkrat,Nepal,,40.2,1.9
ASIA,junkrat,Busan,,40.2,0.9
ASIA,junkrat,Circuit Royal,,40.0,2.3
ASIA,junkrat,Ilios,,38.9,1.4
ASIA,junkrat,Hollywood,,34.8,2.7
ASIA,junkrat,Shambali Monastery,,29.3,3.3
ASIA,junkrat,Esperança,,26.3,1.5
ASIA,junkrat,Colosseo,,22.9,1.6
ASIA,junkrat,Numbani,,19.3,1.6
ASIA,junkrat,Havana,,10.9,2.5
ASIA,junkrat,Blizzard World,,9.0,2.0
US,junkrat,Junkertown,,69.8,4.7
US,junkrat,Shambali Monastery,,67.3,5.7
US,junkrat,Esperança,,60.6,4.8
US,junkrat,Colosseo,,58.7,4.3
US,junkrat,Oasis,,58.4,5.6
US,junkrat,Rialto,,57.4,4.8
US,junkrat,New Junk City,,56.4,5.0
US,junkrat,Route 66,,55.8,4.3
US,junkrat,Lijiang Tower,,55.7,6.6
US,junkrat,Hollywood,,53.7,5.4
US,junkrat,Paraíso,,53.5,5.5
US,junkrat,King's Row,,53.4,6.1
US,junkrat,Suravasa,,52.8,4.0
US,junkrat,Midtown,,52.8,4.8
US,junkrat,New Queen Street,,52.1,2.6
US,junkrat,Nepal,,50.5,5.7
US,junkrat,Ilios,,50.3,3.8
US,junkrat,Busan,,50.2,4.1
US,junkrat,Samoa,,50.0,4.9
US,junkrat,Watchpoint: Gibraltar,,49.6,5.0
US,junkrat,Runasapi,,48.9,3.5
US,junkrat,Eichenwalde,,48.9,6.9
US,junkrat,Dorado,,46.9,4.7
US,junkrat,Circuit Royal,,45.8,4.8
US,junkrat,Numbani,,43.8,6.4
US,junkrat,Aatlis,,43.7,6.5
US,junkrat,Havana,,40.3,4.0
US,junkrat,Blizzard World,,33.1,4.1
EU,junkrat,Aatlis,,61.1,5.1
EU,junkrat,Suravasa,,59.5,3.0
EU,junkrat,Colosseo,,58.7,3.0
EU,junkrat,Paraíso,,55.2,4.5
EU,junkrat,Watchpoint: Gibraltar,,55.0,3.5
EU,junkrat,Lijiang Tower,,54.7,4.2
EU,junkrat,Junkertown,,54.5,4.4
EU,junkrat,Dorado,,54.4,3.6
EU,junkrat,Blizzard World,,53.8,3.1
EU,junkrat,Midtown,,53.1,3.8
EU,junkrat,Samoa,,51.8,3.3
EU,junkrat,New Junk City,,51.7,4.5
EU,junkrat,Ilios,,50.8,2.6
EU,junkrat,Nepal,,49.5,3.7
EU,junkrat,Eichenwalde,,49.4,5.7
EU,junkrat,Shambali Monastery,,48.9,4.6
EU,junkrat,Route 66,,48.4,3.0
EU,junkrat,Esperança,,47.5,3.2
EU,junkrat,Busan,,45.7,3.0
EU,junkrat,New Queen Street,,45.1,2.7
EU,junkrat,Rialto,,45.0,3.2
EU,junkrat,Circuit Royal,,44.2,3.8
EU,junkrat,Numbani,,43.8,4.2
EU,junkrat,King's Row,,42.8,4.9
EU,junkrat,Oasis,,41.8,2.8
EU,junkrat,Runasapi,,41.0,2.9
EU,junkrat,Havana,,40.6,3.1
EU,junkrat,Hollywood,,29.8,3.4
ASIA,mei,Havana,,62.4,5.4
ASIA,mei,Blizzard World,,61.5,2.5
ASIA,mei,Esperança,,61.1,2.5
ASIA,mei,Ilios,,57.0,3.0
ASIA,mei,Colosseo,,56.0,2.8
ASIA,mei,King's Row,,55.7,4.9
ASIA,mei,Watchpoint: Gibraltar,,53.3,2.5
ASIA,mei,Circuit Royal,,51.1,5.9
ASIA,mei,Aatlis,,50.4,3.1
ASIA,mei,Midtown,,50.3,3.9
ASIA,mei,Dorado,,49.8,4.6
ASIA,mei,Nepal,,47.9,3.1
ASIA,mei,Rialto,,47.5,3.8
ASIA,mei,Oasis,,47.3,3.4
ASIA,mei,Busan,,46.6,3.4
ASIA,mei,Numbani,,46.5,4.2
ASIA,mei,Junkertown,,46.4,5.1
ASIA,mei,Route 66,,45.4,3.8
ASIA,mei,Eichenwalde,,43.7,4.9
ASIA,mei,Shambali Monastery,,43.2,4.3
ASIA,mei,Hollywood,,43.2,3.9
ASIA,mei,New Queen Street,,42.9,3.3
ASIA,mei,Lijiang Tower,,42.0,3.9
ASIA,mei,Runasapi,,40.7,2.9
ASIA,mei,Samoa,,38.7,4.3
ASIA,mei,Suravasa,,37.3,3.3
ASIA,mei,New Junk City,,31.9,3.9
ASIA,mei,Paraíso,,28.8,7.1
US,mei,Junkertown,,63.5,3.3
US,mei,Numbani,,62.0,1.9
US,mei,Esperança,,60.1,1.5
US,mei,Hollywood,,60.0,1.9
US,mei,Havana,,56.1,3.9
US,mei,Paraíso,,55.9,1.1
US,mei,New Junk City,,55.0,3.1
US,mei,Runasapi,,54.2,2.1
US,mei,Rialto,,51.7,3.4
US,mei,Busan,,51.6,2.9
US,mei,Aatlis,,50.7,3.4
US,mei,Lijiang Tower,,50.2,2.0
US,mei,Midtown,,50.0,3.5
US,mei,Nepal,,49.5,2.3
US,mei,King's Row,,48.3,4.7
US,mei,Eichenwalde,,48.2,3.7
US,mei,Oasis,,48.2,2.6
US,mei,Suravasa,,47.0,1.8
US,mei,Shambali Monastery,,47.0,3.0
US,mei,Ilios,,47.0,1.1
US,mei,Colosseo,,46.8,1.9
US,mei,New Queen Street,,45.8,1.9
US,mei,Blizzard World,,44.7,2.5
US,mei,Dorado,,43.1,1.6
US,mei,Samoa,,42.4,2.5
US,mei,Route 66,,41.2,2.2
US,mei,Circuit Royal,,40.9,4.4
US,mei,Watchpoint: Gibraltar,,39.6,1.2
EU,mei,Junkertown,,68.0,2.7
EU,mei,Blizzard World,,62.1,2.6
EU,mei,Midtown,,56.3,4.1
EU,mei,Watchpoint: Gibraltar,,55.5,1.3
EU,mei,Route 66,,55.4,3.1
EU,mei,New Queen Street,,54.8,2.0
EU,mei,Aatlis,,51.3,3.3
EU,mei,Havana,,51.2,3.8
EU,mei,Rialto,,51.2,3.5
EU,mei,Lijiang Tower,,50.5,3.4
EU,mei,Samoa,,50.5,3.6
EU,mei,Dorado,,50.4,2.0
EU,mei,Circuit Royal,,50.3,5.2
EU,mei,King's Row,,49.8,5.6
EU,mei,Runasapi,,49.4,2.4
EU,mei,Eichenwalde,,48.6,3.6
EU,mei,Shambali Monastery,,46.8,3.8
EU,mei,Hollywood,,46.5,3.3
EU,mei,Esperança,,45.7,2.5
EU,mei,New Junk City,,45.3,3.4
EU,mei,Nepal,,45.0,3.5
EU,mei,Suravasa,,42.2,2.3
EU,mei,Busan,,41.5,3.1
EU,mei,Oasis,,41.2,2.7
EU,mei,Paraíso,,36.2,2.2
EU,mei,Colosseo,,34.0,2.4
EU,mei,Ilios,,23.4,1.2
EU,mei,Numbani,,19.3,1.6
ASIA,ramattra,Paraíso,,100.0,0.6
ASIA,ramattra,Dorado,,71.6,0.3
ASIA,ramattra,Blizzard World,,59.7,0.6
ASIA,ramattra,Suravasa,,56.8,0.8
ASIA,ramattra,Oasis,,56.4,1.1
ASIA,ramattra,Lijiang Tower,,54.9,3.7
ASIA,ramattra,Eichenwalde,,52.9,1.9
ASIA,ramattra,Runasapi,,52.1,1.4
ASIA,ramattra,Samoa,,49.3,2.1
ASIA,ramattra,New Junk City,,49.0,3.4
ASIA,ramattra,Numbani,,47.1,0.4
ASIA,ramattra,Aatlis,,46.1,3.5
ASIA,ramattra,Colosseo,,45.6,1.5
ASIA,ramattra,Shambali Monastery,,45.3,4.8
ASIA,ramattra,Midtown,,44.7,2.0
ASIA,ramattra,Rialto,,42.8,1.1
ASIA,ramattra,King's Row,,41.6,3.4
ASIA,ramattra,Busan,,41.5,1.4
ASIA,ramattra,Nepal,,41.4,2.0
ASIA,ramattra,Watchpoint: Gibraltar,,40.2,0.0
ASIA,ramattra,Esperança,,40.0,0.5
ASIA,ramattra,Circuit Royal,,40.0,4.8
ASIA,ramattra,Hollywood,,38.9,1.2
ASIA,ramattra,Ilios,,37.7,0.6
ASIA,ramattra,Route 66,,31.2,0.5
ASIA,ramattra,New Queen Street,,19.8,0.6
ASIA,ramattra,Junkertown,,19.1,0.8
ASIA,ramattra,Havana,,13.3,1.9
US,ramattra,Dorado,,74.3,0.9
US,ramattra,Paraíso,,73.4,0.6
US,ramattra,Watchpoint: Gibraltar,,53.6,0.5
US,ramattra,New Junk City,,51.4,5.9
US,ramattra,Havana,,51.3,3.5
US,ramattra,Aatlis,,50.8,4.8
US,ramattra,Junkertown,,50.0,1.8
US,ramattra,Shambali Monastery,,48.7,5.8
US,ramattra,Busan,,48.4,3.2
US,ramattra,Nepal,,46.9,4.4
US,ramattra,Lijiang Tower,,45.8,5.9
US,ramattra,Hollywood,,43.8,2.8
US,ramattra,Blizzard World,,43.7,2.5
US,ramattra,Rialto,,43.0,3.2
US,ramattra,King's Row,,42.8,7.0
US,ramattra,Colosseo,,42.7,3.3
US,ramattra,Runasapi,,42.3,4.1
US,ramattra,Samoa,,41.6,3.7
US,ramattra,Suravasa,,41.5,2.7
US,ramattra,Route 66,,41.1,1.7
US,ramattra,Midtown,,41.1,5.2
US,ramattra,New Queen Street,,40.8,2.1
US,ramattra,Eichenwalde,,40.3,4.4
US,ramattra,Numbani,,40.2,0.8
US,ramattra,Esperança,,38.5,2.4
US,ramattra,Oasis,,36.8,2.7
US,ramattra,Circuit Royal,,35.4,6.3
US,ramattra,Ilios,,31.0,1.1
EU,ramattra,Route 66,,58.8,1.5
EU,ramattra,Suravasa,,57.3,3.2
EU,ramattra,Blizzard World,,56.9,3.0
EU,ramattra,New Junk City,,53.3,5.1
EU,ramattra,Oasis,,51.6,2.4
EU,ramattra,Circuit Royal,,51.3,7.7
EU,ramattra,Lijiang Tower,,50.7,5.4
EU,ramattra,Busan,,50.1,3.3
EU,ramattra,Colosseo,,49.7,3.0
EU,ramattra,King's Row,,48.5,5.9
EU,ramattra,Numbani,,46.5,1.3
EU,ramattra,Shambali Monastery,,46.5,6.3
EU,ramattra,Samoa,,46.2,3.8
EU,ramattra,Dorado,,46.1,0.7
EU,ramattra,Aatlis,,45.0,5.3
EU,ramattra,Nepal,,44.4,4.6
EU,ramattra,Havana,,44.1,4.7
EU,ramattra,Eichenwalde,,43.9,5.5
EU,ramattra,Ilios,,43.0,0.9
EU,ramattra,Runasapi,,40.7,2.8
EU,ramattra,Midtown,,39.9,5.1
EU,ramattra,Watchpoint: Gibraltar,,39.8,0.7
EU,ramattra,Rialto,,38.3,2.3
EU,ramattra,Esperança,,36.7,2.0
EU,ramattra,Junkertown,,36.0,1.8
EU,ramattra,New Queen Street,,28.4,2.1
EU,ramattra,Paraíso,,27.8,0.6
EU,ramattra,Hollywood,,24.1,2.5
ASIA,lucio,Midtown,,62.2,4.0
ASIA,lucio,Aatlis,,55.3,22.0
ASIA,lucio,New Junk City,,54.2,20.9
ASIA,lucio,Runasapi,,52.9,13.2
ASIA,lucio,Hollywood,,52.7,3.3
ASIA,lucio,Ilios,,52.6,15.3
ASIA,lucio,Suravasa,,51.9,15.4
ASIA,lucio,Lijiang Tower,,51.8,17.1
ASIA,lucio,Oasis,,51.0,13.1
ASIA,lucio,Esperança,,50.5,13.8
ASIA,lucio,New Queen Street,,49.1,11.3
ASIA,lucio,Samoa,,48.6,12.8
ASIA,lucio,Colosseo,,48.2,11.1
ASIA,lucio,Dorado,,48.0,3.1
ASIA,lucio,Nepal,,47.4,12.7
ASIA,lucio,Busan,,46.9,12.6
ASIA,lucio,Numbani,,44.8,4.6
ASIA,lucio,Circuit Royal,,44.0,1.6
ASIA,lucio,King's Row,,39.8,4.3
ASIA,lucio,Watchpoint: Gibraltar,,39.6,3.1
ASIA,lucio,Route 66,,38.6,3.3
ASIA,lucio,Blizzard World,,38.6,3.6
ASIA,lucio,Paraíso,,37.3,7.7
ASIA,lucio,Eichenwalde,,36.0,6.2
ASIA,lucio,Junkertown,,35.1,4.1
ASIA,lucio,Shambali Monastery,,34.0,5.5
ASIA,lucio,Rialto,,30.2,2.4
ASIA,lucio,Havana,,10.4,3.2
US,lucio,Paraíso,,68.0,7.2
US,lucio,New Junk City,,57.6,31.6
US,lucio,Suravasa,,55.1,26.0
US,lucio,Ilios,,54.8,29.6
US,lucio,Lijiang Tower,,54.2,29.7
US,lucio,Runasapi,,54.2,26.2
US,lucio,New Queen Street,,53.7,19.5
US,lucio,Esperança,,53.1,23.8
US,lucio,Aatlis,,52.5,31.3
US,lucio,Eichenwalde,,51.5,15.5
US,lucio,Oasis,,51.4,24.7
US,lucio,Colosseo,,51.1,20.7
US,lucio,Busan,,50.5,23.2
US,lucio,Nepal,,50.3,26.2
US,lucio,Watchpoint: Gibraltar,,50.0,8.5
US,lucio,Samoa,,49.2,21.5
US,lucio,Numbani,,49.0,11.9
US,lucio,King's Row,,48.6,15.1
US,lucio,Route 66,,48.6,9.7
US,lucio,Rialto,,48.4,9.9
US,lucio,Hollywood,,47.7,11.4
US,lucio,Blizzard World,,47.6,12.8
US,lucio,Junkertown,,47.2,4.8
US,lucio,Midtown,,47.0,10.7
US,lucio,Shambali Monastery,,43.2,12.7
US,lucio,Dorado,,42.0,9.3
US,lucio,Circuit Royal,,39.5,3.7
US,lucio,Havana,,39.0,5.8
EU,lucio,Paraíso,,69.0,5.0
EU,lucio,New Junk City,,61.1,26.8
EU,lucio,Junkertown,,56.1,4.4
EU,lucio,Rialto,,55.2,6.7
EU,lucio,New Queen Street,,54.8,17.7
EU,lucio,Runasapi,,54.4,21.2
EU,lucio,Lijiang Tower,,54.4,27.2
EU,lucio,Colosseo,,54.2,18.7
EU,lucio,Numbani,,54.0,12.5
EU,lucio,Aatlis,,53.8,27.8
EU,lucio,Esperança,,53.5,20.6
EU,lucio,Blizzard World,,53.4,9.9
EU,lucio,Ilios,,53.3,24.5
EU,lucio,Havana,,53.0,3.9
EU,lucio,Suravasa,,52.6,25.5
EU,lucio,Nepal,,51.6,22.2
EU,lucio,Eichenwalde,,51.4,13.7
EU,lucio,Busan,,51.4,21.6
EU,lucio,Samoa,,50.9,20.4
EU,lucio,Dorado,,50.2,6.1
EU,lucio,King's Row,,49.5,11.7
EU,lucio,Circuit Royal,,48.8,3.5
EU,lucio,Watchpoint: Gibraltar,,48.6,5.9
EU,lucio,Shambali Monastery,,47.2,8.9
EU,lucio,Route 66,,46.5,9.0
EU,lucio,Hollywood,,45.5,8.9
EU,lucio,Oasis,,44.7,20.1
EU,lucio,Midtown,,44.2,8.9
ASIA,pharah,Hollywood,,68.2,2.2
ASIA,pharah,Suravasa,,67.6,2.6
ASIA,pharah,Blizzard World,,65.0,1.2
ASIA,pharah,Numbani,,62.7,1.4
ASIA,pharah,Watchpoint: Gibraltar,,61.0,1.5
ASIA,pharah,Esperança,,59.8,2.8
ASIA,pharah,Colosseo,,59.7,3.6
ASIA,pharah,New Queen Street,,58.8,1.3
ASIA,pharah,Samoa,,57.9,3.1
ASIA,pharah,Shambali Monastery,,57.1,6.1
ASIA,pharah,New Junk City,,56.5,2.0
ASIA,pharah,Lijiang Tower,,55.9,9.9
ASIA,pharah,Busan,,55.2,1.9
ASIA,pharah,Nepal,,55.1,5.6
ASIA,pharah,Ilios,,55.0,2.9
ASIA,pharah,Midtown,,54.3,3.9
ASIA,pharah,Eichenwalde,,52.0,5.7
ASIA,pharah,Paraíso,,51.7,4.2
ASIA,pharah,Oasis,,51.3,4.1
ASIA,pharah,Dorado,,51.0,2.7
ASIA,pharah,King's Row,,50.7,5.0
ASIA,pharah,Runasapi,,49.8,1.5
ASIA,pharah,Circuit Royal,,48.1,6.9
ASIA,pharah,Rialto,,41.5,4.0
ASIA,pharah,Aatlis,,41.2,2.2
ASIA,pharah,Havana,,37.8,1.6
ASIA,pharah,Route 66,,36.2,1.5
ASIA,pharah,Junkertown,,35.4,1.4
US,pharah,Paraíso,,79.3,5.9
US,pharah,Nepal,,58.7,5.4
US,pharah,Route 66,,57.4,2.9
US,pharah,Havana,,57.0,1.1
US,pharah,Rialto,,56.7,4.9
US,pharah,Busan,,56.6,1.9
US,pharah,Lijiang Tower,,55.8,8.8
US,pharah,King's Row,,54.5,5.5
US,pharah,Runasapi,,53.7,3.7
US,pharah,Eichenwalde,,53.4,5.5
US,pharah,Ilios,,52.1,4.4
US,pharah,Suravasa,,52.1,3.4
US,pharah,Oasis,,52.1,4.2
US,pharah,New Queen Street,,51.3,2.3
US,pharah,New Junk City,,51.2,2.3
US,pharah,Esperança,,50.5,3.2
US,pharah,Blizzard World,,49.9,2.2
US,pharah,Watchpoint: Gibraltar,,49.8,2.3
US,pharah,Colosseo,,48.8,3.8
US,pharah,Hollywood,,48.2,2.9
US,pharah,Circuit Royal,,47.2,5.1
US,pharah,Aatlis,,45.7,3.7
US,pharah,Midtown,,44.7,2.8
US,pharah,Shambali Monastery,,41.5,4.7
US,pharah,Samoa,,41.0,3.1
US,pharah,Numbani,,40.1,3.1
US,pharah,Dorado,,37.6,2.7
US,pharah,Junkertown,,30.5,2.2
EU,pharah,Dorado,,72.4,3.3
EU,pharah,Runasapi,,61.3,2.4
EU,pharah,New Junk City,,59.8,2.7
EU,pharah,Suravasa,,58.9,3.5
EU,pharah,Colosseo,,58.6,3.8
EU,pharah,Lijiang Tower,,56.1,9.7
EU,pharah,Esperança,,56.0,3.3
EU,pharah,Rialto,,56.0,5.4
EU,pharah,Nepal,,55.1,5.9
EU,pharah,New Queen Street,,54.8,2.2
EU,pharah,Route 66,,54.2,2.5
EU,pharah,King's Row,,53.7,5.8
EU,pharah,Blizzard World,,53.1,2.0
EU,pharah,Numbani,,52.4,3.6
EU,pharah,Busan,,51.4,2.1
EU,pharah,Oasis,,51.1,4.9
EU,pharah,Ilios,,51.1,4.6
EU,pharah,Shambali Monastery,,50.9,5.0
EU,pharah,Circuit Royal,,49.5,4.7
EU,pharah,Hollywood,,49.4,2.8
EU,pharah,Samoa,,48.2,2.7
EU,pharah,Watchpoint: Gibraltar,,47.7,1.9
EU,pharah,Aatlis,,47.5,3.0
EU,pharah,Eichenwalde,,47.2,5.9
EU,pharah,Havana,,39.2,2.1
EU,pharah,Paraíso,,36.9,4.3
EU,pharah,Junkertown,,36.1,1.1
EU,pharah,Midtown,,36.1,2.5
ASIA,jetpackcat,Paraíso,,68.1,7.5
ASIA,jetpackcat,Havana,,63.8,6.0
ASIA,jetpackcat,Lijiang Tower,,55.0,11.2
ASIA,jetpackcat,Colosseo,,54.8,11.5
ASIA,jetpackcat,Shambali Monastery,,54.3,13.5
ASIA,jetpackcat,Numbani,,53.5,15.3
ASIA,jetpackcat,New Queen Street,,53.3,11.0
ASIA,jetpackcat,Hollywood,,53.3,9.1
ASIA,jetpackcat,Circuit Royal,,51.5,8.1
ASIA,jetpackcat,Ilios,,50.8,12.1
ASIA,jetpackcat,Rialto,,50.3,13.3
ASIA,jetpackcat,Samoa,,50.2,9.2
ASIA,jetpackcat,Midtown,,49.6,9.0
ASIA,jetpackcat,Nepal,,49.1,10.0
ASIA,jetpackcat,New Junk City,,49.0,8.6
ASIA,jetpackcat,Blizzard World,,49.0,12.6
ASIA,jetpackcat,Eichenwalde,,48.9,12.4
ASIA,jetpackcat,Oasis,,48.5,12.6
ASIA,jetpackcat,Suravasa,,48.4,12.8
ASIA,jetpackcat,King's Row,,48.1,10.6
ASIA,jetpackcat,Busan,,47.7,10.1
ASIA,jetpackcat,Esperança,,46.6,13.1
ASIA,jetpackcat,Watchpoint: Gibraltar,,45.1,10.3
ASIA,jetpackcat,Dorado,,44.7,12.5
ASIA,jetpackcat,Runasapi,,44.5,10.3
ASIA,jetpackcat,Aatlis,,44.0,10.4
ASIA,jetpackcat,Junkertown,,41.1,10.0
ASIA,jetpackcat,Route 66,,33.1,6.9
US,jetpackcat,Dorado,,63.7,11.5
US,jetpackcat,Blizzard World,,58.1,10.3
US,jetpackcat,Rialto,,56.9,12.4
US,jetpackcat,Busan,,54.9,10.1
US,jetpackcat,Watchpoint: Gibraltar,,54.0,14.3
US,jetpackcat,Eichenwalde,,53.3,13.3
US,jetpackcat,Ilios,,53.2,15.2
US,jetpackcat,New Junk City,,53.1,11.7
US,jetpackcat,Esperança,,53.1,13.5
US,jetpackcat,Aatlis,,51.7,12.5
US,jetpackcat,Nepal,,51.5,12.9
US,jetpackcat,Oasis,,51.2,14.5
US,jetpackcat,Lijiang Tower,,51.2,10.7
US,jetpackcat,Junkertown,,51.0,7.5
US,jetpackcat,King's Row,,50.6,10.5
US,jetpackcat,Route 66,,50.2,11.3
US,jetpackcat,Midtown,,50.0,8.5
US,jetpackcat,Runasapi,,49.9,12.0
US,jetpackcat,Hollywood,,49.9,10.8
US,jetpackcat,Suravasa,,49.9,11.8
US,jetpackcat,Colosseo,,49.2,13.1
US,jetpackcat,New Queen Street,,48.5,12.2
US,jetpackcat,Paraíso,,48.5,13.0
US,jetpackcat,Numbani,,48.3,13.2
US,jetpackcat,Circuit Royal,,47.0,9.3
US,jetpackcat,Samoa,,46.1,10.9
US,jetpackcat,Shambali Monastery,,44.1,11.0
US,jetpackcat,Havana,,36.8,7.2
EU,jetpackcat,Busan,,58.3,11.8
EU,jetpackcat,Lijiang Tower,,57.6,12.5
EU,jetpackcat,Route 66,,57.0,12.6
EU,jetpackcat,Nepal,,56.4,14.2
EU,jetpackcat,Havana,,55.9,8.2
EU,jetpackcat,Oasis,,55.1,13.9
EU,jetpackcat,Hollywood,,54.1,9.9
EU,jetpackcat,King's Row,,53.7,10.6
EU,jetpackcat,Ilios,,53.5,17.5
EU,jetpackcat,Esperança,,53.2,15.4
EU,jetpackcat,New Queen Street,,53.1,12.6
EU,jetpackcat,Colosseo,,52.7,13.2
EU,jetpackcat,Samoa,,51.2,12.7
EU,jetpackcat,Eichenwalde,,51.0,13.3
EU,jetpackcat,Shambali Monastery,,50.7,14.0
EU,jetpackcat,Runasapi,,50.2,15.1
EU,jetpackcat,Suravasa,,48.9,13.1
EU,jetpackcat,Aatlis,,47.9,10.5
EU,jetpackcat,Circuit Royal,,47.0,9.4
EU,jetpackcat,Watchpoint: Gibraltar,,47.0,15.5
EU,jetpackcat,New Junk City,,46.2,12.8
EU,jetpackcat,Rialto,,45.7,13.9
EU,jetpackcat,Blizzard World,,45.4,12.9
EU,jetpackcat,Dorado,,44.6,14.3
EU,jetpackcat,Midtown,,44.0,9.5
EU,jetpackcat,Junkertown,,43.2,10.1
EU,jetpackcat,Paraíso,,43.1,18.2
EU,jetpackcat,Numbani,,38.9,10.4
ASIA,echo,Route 66,,62.0,8.3
ASIA,echo,Busan,,61.1,3.8
ASIA,echo,Eichenwalde,,60.0,17.1
ASIA,echo,Shambali Monastery,,58.9,21.6
ASIA,echo,Dorado,,58.8,15.3
ASIA,echo,New Queen Street,,56.8,4.2
ASIA,echo,Samoa,,56.1,5.9
ASIA,echo,Midtown,,56.1,8.8
ASIA,echo,King's Row,,55.8,12.2
ASIA,echo,Paraíso,,55.7,15.8
ASIA,echo,Esperança,,55.6,9.3
ASIA,echo,Nepal,,54.2,10.0
ASIA,echo,Rialto,,54.0,20.1
ASIA,echo,Watchpoint: Gibraltar,,53.6,9.6
ASIA,echo,Aatlis,,51.9,3.7
ASIA,echo,Colosseo,,51.5,10.5
ASIA,echo,Numbani,,51.3,16.6
ASIA,echo,Suravasa,,51.0,5.8
ASIA,echo,Circuit Royal,,50.1,7.8
ASIA,echo,Ilios,,49.4,17.8
ASIA,echo,Lijiang Tower,,48.1,10.0
ASIA,echo,Runasapi,,47.8,6.0
ASIA,echo,Hollywood,,47.0,7.7
ASIA,echo,Oasis,,46.1,7.8
ASIA,echo,Blizzard World,,43.6,6.7
ASIA,echo,Junkertown,,37.9,4.4
ASIA,echo,New Junk City,,37.7,4.2
ASIA,echo,Havana,,36.6,2.9
US,echo,Blizzard World,,66.8,6.6
US,echo,Dorado,,61.8,13.9
US,echo,Colosseo,,60.7,6.6
US,echo,Havana,,60.1,2.8
US,echo,Busan,,59.7,3.2
US,echo,Hollywood,,59.3,7.9
US,echo,Esperança,,58.3,5.9
US,echo,Shambali Monastery,,56.8,12.9
US,echo,Ilios,,56.1,12.3
US,echo,Route 66,,55.8,7.5
US,echo,New Junk City,,54.9,3.0
US,echo,Runasapi,,53.7,4.7
US,echo,Circuit Royal,,53.5,5.4
US,echo,Eichenwalde,,52.8,13.6
US,echo,Watchpoint: Gibraltar,,52.6,9.4
US,echo,Samoa,,51.5,4.6
US,echo,Oasis,,51.5,7.8
US,echo,Numbani,,51.2,15.8
US,echo,King's Row,,51.2,7.9
US,echo,Rialto,,50.7,11.8
US,echo,Lijiang Tower,,50.6,7.4
US,echo,Nepal,,50.0,7.5
US,echo,Aatlis,,49.2,3.5
US,echo,Junkertown,,48.7,4.3
US,echo,New Queen Street,,48.0,4.3
US,echo,Paraíso,,45.5,15.9
US,echo,Suravasa,,45.1,3.9
US,echo,Midtown,,45.0,5.0
EU,echo,Havana,,56.0,4.0
EU,echo,Shambali Monastery,,55.3,16.1
EU,echo,Oasis,,54.4,10.6
EU,echo,Numbani,,53.9,22.0
EU,echo,Busan,,53.7,6.4
EU,echo,Esperança,,53.7,10.9
EU,echo,Ilios,,52.9,20.9
EU,echo,Eichenwalde,,52.6,18.7
EU,echo,Midtown,,52.5,8.4
EU,echo,Watchpoint: Gibraltar,,52.0,12.3
EU,echo,Rialto,,51.6,15.2
EU,echo,Junkertown,,51.5,4.0
EU,echo,New Queen Street,,51.2,6.0
EU,echo,Dorado,,51.0,16.8
EU,echo,Paraíso,,50.8,21.0
EU,echo,Colosseo,,50.2,9.9
EU,echo,Nepal,,49.8,11.8
EU,echo,Runasapi,,49.6,7.8
EU,echo,Suravasa,,49.2,7.8
EU,echo,King's Row,,49.0,11.0
EU,echo,Lijiang Tower,,48.4,12.3
EU,echo,Samoa,,48.4,9.2
EU,echo,Circuit Royal,,47.6,8.5
EU,echo,Hollywood,,46.5,10.1
EU,echo,New Junk City,,45.8,6.1
EU,echo,Route 66,,45.0,9.8
EU,echo,Aatlis,,44.6,5.7
EU,echo,Blizzard World,,41.7,5.7
ASIA,freja,Hollywood,,57.4,5.1
ASIA,freja,Oasis,,55.9,2.4
ASIA,freja,Samoa,,55.4,3.4
ASIA,freja,Shambali Monastery,,52.6,5.9
ASIA,freja,New Queen Street,,52.5,2.9
ASIA,freja,Blizzard World,,52.0,5.5
ASIA,freja,Ilios,,51.0,9.8
ASIA,freja,Lijiang Tower,,50.6,2.9
ASIA,freja,Circuit Royal,,48.7,16.6
ASIA,freja,Midtown,,48.6,3.9
ASIA,freja,Numbani,,48.3,6.5
ASIA,freja,Nepal,,48.3,3.8
ASIA,freja,Esperança,,48.0,3.5
ASIA,freja,Route 66,,47.3,6.2
ASIA,freja,Rialto,,47.1,7.5
ASIA,freja,Dorado,,46.7,7.6
ASIA,freja,Eichenwalde,,46.2,5.0
ASIA,freja,King's Row,,45.8,5.5
ASIA,freja,Runasapi,,45.4,3.2
ASIA,freja,Suravasa,,44.7,3.3
ASIA,freja,Colosseo,,44.6,4.1
ASIA,freja,Junkertown,,44.5,9.5
ASIA,freja,Watchpoint: Gibraltar,,43.4,6.2
ASIA,freja,Paraíso,,42.8,8.3
ASIA,freja,Busan,,40.4,2.4
ASIA,freja,New Junk City,,37.9,0.9
ASIA,freja,Havana,,33.8,9.7
ASIA,freja,Aatlis,,31.9,1.8
US,freja,New Queen Street,,58.4,2.6
US,freja,Watchpoint: Gibraltar,,54.7,6.2
US,freja,Ilios,,54.2,9.3
US,freja,Dorado,,53.8,7.8
US,freja,Samoa,,52.3,2.8
US,freja,Havana,,51.4,7.5
US,freja,Numbani,,51.1,5.8
US,freja,Eichenwalde,,49.0,5.0
US,freja,Midtown,,48.7,4.0
US,freja,Hollywood,,48.6,5.0
US,freja,Colosseo,,48.6,2.6
US,freja,Junkertown,,47.8,6.9
US,freja,Blizzard World,,47.5,4.3
US,freja,Shambali Monastery,,46.9,4.8
US,freja,Rialto,,46.5,6.0
US,freja,King's Row,,45.8,4.9
US,freja,Runasapi,,45.5,2.3
US,freja,Nepal,,45.3,2.9
US,freja,Oasis,,44.4,2.7
US,freja,New Junk City,,43.7,1.1
US,freja,Circuit Royal,,43.2,12.0
US,freja,Esperança,,41.1,2.9
US,freja,Lijiang Tower,,40.5,3.5
US,freja,Route 66,,39.4,6.8
US,freja,Suravasa,,39.1,2.2
US,freja,Paraíso,,37.0,5.1
US,freja,Busan,,30.1,2.3
US,freja,Aatlis,,28.0,1.7
EU,freja,Blizzard World,,57.1,6.8
EU,freja,Busan,,57.1,3.2
EU,freja,Suravasa,,51.8,2.8
EU,freja,Eichenwalde,,51.5,6.4
EU,freja,Oasis,,50.9,4.1
EU,freja,Route 66,,49.2,8.2
EU,freja,Runasapi,,48.9,3.1
EU,freja,Midtown,,48.0,5.0
EU,freja,Shambali Monastery,,47.7,6.5
EU,freja,Dorado,,46.6,7.5
EU,freja,Samoa,,46.5,3.9
EU,freja,Circuit Royal,,45.6,13.1
EU,freja,Ilios,,45.6,9.6
EU,freja,Hollywood,,45.2,5.7
EU,freja,Nepal,,45.1,4.0
EU,freja,Rialto,,43.9,5.8
EU,freja,Havana,,43.3,7.0
EU,freja,Junkertown,,42.6,7.1
EU,freja,Lijiang Tower,,42.6,4.2
EU,freja,Watchpoint: Gibraltar,,42.4,7.2
EU,freja,New Junk City,,40.7,1.3
EU,freja,Colosseo,,40.7,3.9
EU,freja,King's Row,,39.8,5.7
EU,freja,Esperança,,39.6,3.3
EU,freja,New Queen Street,,38.9,2.8
EU,freja,Numbani,,35.2,6.4
EU,freja,Aatlis,,34.4,2.0
EU,freja,Paraíso,,29.2,5.3
ASIA,roadhog,Junkertown,,51.3,2.4
ASIA,roadhog,Oasis,,47.7,2.3
ASIA,roadhog,Lijiang Tower,,47.5,2.3
ASIA,roadhog,Eichenwalde,,46.2,3.3
ASIA,roadhog,Ilios,,44.0,3.6
ASIA,roadhog,New Queen Street,,42.2,2.0
ASIA,roadhog,Runasapi,,40.3,2.5
ASIA,roadhog,Esperança,,39.9,2.3
ASIA,roadhog,Samoa,,39.9,2.1
ASIA,roadhog,Nepal,,38.4,2.4
ASIA,roadhog,Numbani,,37.6,3.3
ASIA,roadhog,Aatlis,,36.7,2.5
ASIA,roadhog,Colosseo,,35.9,1.9
ASIA,roadhog,Suravasa,,35.8,2.2
ASIA,roadhog,New Junk City,,34.0,2.3
ASIA,roadhog,Blizzard World,,33.5,1.2
ASIA,roadhog,Rialto,,33.3,3.2
ASIA,roadhog,Route 66,,32.7,3.3
ASIA,roadhog,Shambali Monastery,,32.4,2.1
ASIA,roadhog,Paraíso,,31.9,5.1
ASIA,roadhog,King's Row,,29.5,1.7
ASIA,roadhog,Dorado,,28.8,3.2
ASIA,roadhog,Busan,,28.3,1.8
ASIA,roadhog,Watchpoint: Gibraltar,,26.9,2.1
ASIA,roadhog,Circuit Royal,,21.2,0.7
ASIA,roadhog,Midtown,,16.1,1.8
ASIA,roadhog,Hollywood,,14.6,2.6
ASIA,roadhog,Havana,,8.7,2.3
US,roadhog,Numbani,,61.3,4.7
US,roadhog,Havana,,60.1,2.4
US,roadhog,Route 66,,57.3,6.6
US,roadhog,Ilios,,56.9,8.7
US,roadhog,Junkertown,,56.9,6.2
US,roadhog,Lijiang Tower,,54.0,4.8
US,roadhog,Rialto,,51.3,4.5
US,roadhog,Midtown,,50.8,4.2
US,roadhog,Watchpoint: Gibraltar,,50.7,7.3
US,roadhog,Blizzard World,,50.4,3.9
US,roadhog,Samoa,,50.4,6.3
US,roadhog,Busan,,50.1,4.1
US,roadhog,Nepal,,50.0,5.5
US,roadhog,New Queen Street,,49.6,5.8
US,roadhog,King's Row,,49.1,4.3
US,roadhog,Oasis,,47.8,6.6
US,roadhog,Colosseo,,47.0,5.8
US,roadhog,Shambali Monastery,,46.7,3.2
US,roadhog,Hollywood,,46.6,5.4
US,roadhog,Aatlis,,46.1,6.6
US,roadhog,Runasapi,,45.3,5.1
US,roadhog,Dorado,,44.9,5.5
US,roadhog,Suravasa,,44.8,5.2
US,roadhog,Eichenwalde,,44.4,6.6
US,roadhog,Esperança,,40.9,4.8
US,roadhog,New Junk City,,38.3,6.0
US,roadhog,Paraíso,,35.0,3.5
US,roadhog,Circuit Royal,,28.2,1.6
EU,roadhog,Eichenwalde,,56.0,6.6
EU,roadhog,Hollywood,,54.0,6.7
EU,roadhog,Rialto,,52.7,6.4
EU,roadhog,Aatlis,,52.5,6.0
EU,roadhog,Ilios,,51.2,9.5
EU,roadhog,Busan,,50.6,5.0
EU,roadhog,Esperança,,49.3,5.8
EU,roadhog,Havana,,48.9,3.3
EU,roadhog,Samoa,,48.7,5.1
EU,roadhog,Oasis,,47.5,7.2
EU,roadhog,Midtown,,46.4,4.7
EU,roadhog,Colosseo,,46.3,6.3
EU,roadhog,Watchpoint: Gibraltar,,46.0,7.7
EU,roadhog,Lijiang Tower,,45.6,6.7
EU,roadhog,King's Row,,45.3,5.7
EU,roadhog,Nepal,,45.0,5.4
EU,roadhog,New Junk City,,44.8,5.9
EU,roadhog,New Queen Street,,43.1,4.7
EU,roadhog,Junkertown,,42.4,5.3
EU,roadhog,Suravasa,,40.6,6.2
EU,roadhog,Dorado,,39.5,6.9
EU,roadhog,Route 66,,39.4,7.1
EU,roadhog,Runasapi,,39.0,5.9
EU,roadhog,Numbani,,39.0,7.2
EU,roadhog,Paraíso,,38.5,6.3
EU,roadhog,Blizzard World,,38.2,6.4
EU,roadhog,Circuit Royal,,37.9,2.6
EU,roadhog,Shambali Monastery,,31.8,4.2
ASIA,widowmaker,Havana,,58.9,27.6
ASIA,widowmaker,Circuit Royal,,56.6,25.4
ASIA,widowmaker,Rialto,,52.2,13.8
ASIA,widowmaker,Watchpoint: Gibraltar,,49.2,7.2
ASIA,widowmaker,King's Row,,48.4,8.1
ASIA,widowmaker,Junkertown,,46.9,18.1
ASIA,widowmaker,Busan,,44.4,5.1
ASIA,widowmaker,Numbani,,44.2,3.8
ASIA,widowmaker,Shambali Monastery,,43.3,5.9
ASIA,widowmaker,Blizzard World,,42.7,11.5
ASIA,widowmaker,Dorado,,42.6,5.3
ASIA,widowmaker,Samoa,,41.8,1.1
ASIA,widowmaker,New Junk City,,41.0,0.9
ASIA,widowmaker,Ilios,,40.5,4.9
ASIA,widowmaker,Paraíso,,39.8,6.6
ASIA,widowmaker,Midtown,,36.8,7.8
ASIA,widowmaker,Route 66,,35.8,9.7
ASIA,widowmaker,New Queen Street,,34.0,1.9
ASIA,widowmaker,Colosseo,,33.9,2.5
ASIA,widowmaker,Aatlis,,32.9,0.5
ASIA,widowmaker,Lijiang Tower,,32.0,2.2
ASIA,widowmaker,Eichenwalde,,30.6,3.5
ASIA,widowmaker,Hollywood,,30.6,8.7
ASIA,widowmaker,Runasapi,,22.5,2.0
ASIA,widowmaker,Esperança,,20.8,1.7
ASIA,widowmaker,Nepal,,15.6,1.5
ASIA,widowmaker,Oasis,,14.1,1.4
ASIA,widowmaker,Suravasa,,9.1,1.0
US,widowmaker,Rialto,,61.8,16.7
US,widowmaker,Circuit Royal,,60.2,16.6
US,widowmaker,Havana,,59.0,18.2
US,widowmaker,Junkertown,,56.3,13.3
US,widowmaker,Midtown,,56.1,13.0
US,widowmaker,Ilios,,54.5,7.5
US,widowmaker,Eichenwalde,,52.9,5.3
US,widowmaker,Dorado,,52.0,7.0
US,widowmaker,King's Row,,52.0,9.4
US,widowmaker,Busan,,48.7,8.3
US,widowmaker,Colosseo,,48.7,6.9
US,widowmaker,Nepal,,47.8,2.5
US,widowmaker,Route 66,,47.2,11.3
US,widowmaker,Hollywood,,44.5,9.8
US,widowmaker,Samoa,,44.5,1.8
US,widowmaker,Watchpoint: Gibraltar,,44.4,12.2
US,widowmaker,New Queen Street,,42.2,3.6
US,widowmaker,Blizzard World,,42.0,13.3
US,widowmaker,Numbani,,41.6,4.3
US,widowmaker,Paraíso,,41.6,8.6
US,widowmaker,Shambali Monastery,,40.2,6.9
US,widowmaker,Lijiang Tower,,38.0,2.4
US,widowmaker,Suravasa,,32.4,1.5
US,widowmaker,Aatlis,,32.3,0.9
US,widowmaker,Oasis,,30.6,1.3
US,widowmaker,New Junk City,,28.1,0.8
US,widowmaker,Esperança,,25.1,2.8
US,widowmaker,Runasapi,,18.9,2.6
EU,widowmaker,Circuit Royal,,56.7,17.9
EU,widowmaker,Rialto,,55.0,16.7
EU,widowmaker,Junkertown,,53.9,14.1
EU,widowmaker,King's Row,,50.5,9.7
EU,widowmaker,Havana,,50.0,18.2
EU,widowmaker,Samoa,,49.7,2.5
EU,widowmaker,Watchpoint: Gibraltar,,49.2,10.3
EU,widowmaker,Ilios,,48.5,7.1
EU,widowmaker,Eichenwalde,,46.9,4.1
EU,widowmaker,Dorado,,46.5,7.7
EU,widowmaker,Paraíso,,45.3,9.5
EU,widowmaker,Route 66,,45.3,8.1
EU,widowmaker,Colosseo,,44.8,5.7
EU,widowmaker,Busan,,43.7,8.5
EU,widowmaker,Midtown,,43.3,12.0
EU,widowmaker,Hollywood,,42.1,10.1
EU,widowmaker,Shambali Monastery,,42.0,7.8
EU,widowmaker,Numbani,,40.6,3.9
EU,widowmaker,Blizzard World,,40.3,13.6
EU,widowmaker,Lijiang Tower,,40.3,2.4
EU,widowmaker,New Queen Street,,40.0,3.0
EU,widowmaker,Nepal,,39.7,2.0
EU,widowmaker,Suravasa,,33.1,1.2
EU,widowmaker,Oasis,,29.6,1.3
EU,widowmaker,Esperança,,26.1,1.8
EU,widowmaker,Runasapi,,25.7,2.5
EU,widowmaker,Aatlis,,20.2,0.5
EU,widowmaker,New Junk City,,17.4,1.0
ASIA,vendetta,Paraíso,,68.5,6.3
ASIA,vendetta,Numbani,,64.5,6.4
ASIA,vendetta,Suravasa,,62.3,6.1
ASIA,vendetta,Eichenwalde,,62.1,4.8
ASIA,vendetta,Lijiang Tower,,60.6,5.4
ASIA,vendetta,Colosseo,,58.9,6.9
ASIA,vendetta,Oasis,,58.2,4.2
ASIA,vendetta,Nepal,,57.4,6.3
ASIA,vendetta,New Queen Street,,57.2,4.3
ASIA,vendetta,Blizzard World,,56.5,3.2
ASIA,vendetta,King's Row,,56.4,5.5
ASIA,vendetta,Watchpoint: Gibraltar,,56.1,5.5
ASIA,vendetta,Circuit Royal,,54.9,3.1
ASIA,vendetta,Ilios,,51.9,3.5
ASIA,vendetta,Rialto,,51.8,3.9
ASIA,vendetta,Esperança,,51.6,6.6
ASIA,vendetta,New Junk City,,51.1,8.0
ASIA,vendetta,Samoa,,50.8,5.3
ASIA,vendetta,Dorado,,50.5,5.7
ASIA,vendetta,Busan,,50.4,6.2
ASIA,vendetta,Midtown,,50.0,7.1
ASIA,vendetta,Aatlis,,48.8,9.5
ASIA,vendetta,Shambali Monastery,,47.9,6.1
ASIA,vendetta,Runasapi,,47.4,6.9
ASIA,vendetta,Hollywood,,46.0,5.2
ASIA,vendetta,Route 66,,45.6,4.7
ASIA,vendetta,Havana,,43.9,4.5
ASIA,vendetta,Junkertown,,40.2,3.9
US,vendetta,Aatlis,,63.0,6.4
US,vendetta,Ilios,,61.4,4.1
US,vendetta,Eichenwalde,,60.3,4.4
US,vendetta,Runasapi,,59.1,5.4
US,vendetta,Blizzard World,,57.5,4.3
US,vendetta,Lijiang Tower,,57.0,4.7
US,vendetta,Shambali Monastery,,56.9,5.5
US,vendetta,Numbani,,56.2,2.8
US,vendetta,Oasis,,56.2,4.3
US,vendetta,Esperança,,55.6,4.0
US,vendetta,Suravasa,,55.0,5.7
US,vendetta,Circuit Royal,,54.1,2.5
US,vendetta,Samoa,,53.8,4.4
US,vendetta,Midtown,,53.7,2.9
US,vendetta,Colosseo,,53.2,3.8
US,vendetta,Watchpoint: Gibraltar,,52.0,3.3
US,vendetta,Nepal,,51.8,5.1
US,vendetta,King's Row,,51.3,3.6
US,vendetta,New Junk City,,51.0,6.4
US,vendetta,Hollywood,,49.1,3.1
US,vendetta,Route 66,,47.8,4.0
US,vendetta,Junkertown,,46.1,4.3
US,vendetta,Busan,,45.4,3.8
US,vendetta,Rialto,,45.4,3.7
US,vendetta,Dorado,,45.4,5.4
US,vendetta,New Queen Street,,44.6,4.9
US,vendetta,Paraíso,,43.1,3.3
US,vendetta,Havana,,31.7,2.1
EU,vendetta,Runasapi,,62.9,6.3
EU,vendetta,Rialto,,62.1,4.6
EU,vendetta,Shambali Monastery,,61.5,6.0
EU,vendetta,Hollywood,,59.9,4.4
EU,vendetta,Aatlis,,59.2,7.4
EU,vendetta,Colosseo,,58.1,5.9
EU,vendetta,Suravasa,,57.6,6.4
EU,vendetta,Busan,,56.9,6.6
EU,vendetta,King's Row,,56.4,4.3
EU,vendetta,Route 66,,55.9,4.8
EU,vendetta,New Junk City,,55.3,8.6
EU,vendetta,Watchpoint: Gibraltar,,54.5,4.5
EU,vendetta,Ilios,,53.7,5.6
EU,vendetta,Midtown,,53.4,5.8
EU,vendetta,Eichenwalde,,53.2,4.3
EU,vendetta,Samoa,,53.0,5.5
EU,vendetta,New Queen Street,,53.0,5.8
EU,vendetta,Paraíso,,52.8,4.5
EU,vendetta,Esperança,,52.2,5.6
EU,vendetta,Numbani,,51.8,4.8
EU,vendetta,Oasis,,51.7,5.9
EU,vendetta,Nepal,,49.8,6.1
EU,vendetta,Lijiang Tower,,47.9,5.3
EU,vendetta,Circuit Royal,,45.9,2.9
EU,vendetta,Dorado,,45.2,4.0
EU,vendetta,Blizzard World,,45.1,3.7
EU,vendetta,Havana,,37.4,4.7
EU,vendetta,Junkertown,,36.8,4.3
ASIA,symmetra,Havana,,68.5,4.9
ASIA,symmetra,Busan,,61.7,6.4
ASIA,symmetra,Route 66,,61.3,4.1
ASIA,symmetra,Esperança,,59.2,3.8
ASIA,symmetra,Blizzard World,,58.2,5.2
ASIA,symmetra,Watchpoint: Gibraltar,,57.5,3.8
ASIA,symmetra,Aatlis,,57.3,5.7
ASIA,symmetra,Dorado,,57.1,4.2
ASIA,symmetra,Midtown,,56.8,7.4
ASIA,symmetra,Junkertown,,56.5,5.9
ASIA,symmetra,Rialto,,55.7,4.6
ASIA,symmetra,King's Row,,55.3,6.2
ASIA,symmetra,Eichenwalde,,54.8,5.4
ASIA,symmetra,Hollywood,,53.1,4.9
ASIA,symmetra,Oasis,,51.7,6.4
ASIA,symmetra,Samoa,,51.5,5.1
ASIA,symmetra,Colosseo,,50.6,4.1
ASIA,symmetra,Circuit Royal,,50.1,7.0
ASIA,symmetra,New Queen Street,,50.1,3.4
ASIA,symmetra,Nepal,,49.3,7.7
ASIA,symmetra,Ilios,,46.7,6.6
ASIA,symmetra,Runasapi,,46.2,4.8
ASIA,symmetra,New Junk City,,45.4,6.0
ASIA,symmetra,Lijiang Tower,,45.0,7.2
ASIA,symmetra,Suravasa,,42.8,4.9
ASIA,symmetra,Numbani,,42.6,4.6
ASIA,symmetra,Shambali Monastery,,42.2,4.3
ASIA,symmetra,Paraíso,,17.1,6.1
US,symmetra,Junkertown,,79.1,2.7
US,symmetra,Esperança,,72.4,2.2
US,symmetra,Route 66,,65.1,3.0
US,symmetra,Aatlis,,64.3,2.7
US,symmetra,Midtown,,58.9,3.8
US,symmetra,Nepal,,58.4,6.1
US,symmetra,Samoa,,57.5,3.7
US,symmetra,Hollywood,,57.2,3.4
US,symmetra,Oasis,,57.1,2.8
US,symmetra,Blizzard World,,57.0,2.5
US,symmetra,Lijiang Tower,,56.4,5.2
US,symmetra,New Junk City,,56.2,3.5
US,symmetra,Busan,,54.6,2.5
US,symmetra,Shambali Monastery,,53.8,2.3
US,symmetra,Runasapi,,51.8,1.7
US,symmetra,King's Row,,51.2,3.6
US,symmetra,Circuit Royal,,50.4,2.9
US,symmetra,Eichenwalde,,50.2,3.2
US,symmetra,Ilios,,49.5,3.0
US,symmetra,Suravasa,,45.9,2.8
US,symmetra,Rialto,,45.3,2.4
US,symmetra,Dorado,,44.0,1.7
US,symmetra,Havana,,39.7,2.6
US,symmetra,New Queen Street,,38.8,1.4
US,symmetra,Numbani,,37.5,1.4
US,symmetra,Colosseo,,29.5,1.9
US,symmetra,Watchpoint: Gibraltar,,12.5,1.5
US,symmetra,Paraíso,,10.2,2.4
EU,symmetra,Suravasa,,63.2,3.4
EU,symmetra,Hollywood,,61.7,5.2
EU,symmetra,King's Row,,59.7,5.3
EU,symmetra,Numbani,,58.4,3.6
EU,symmetra,Aatlis,,57.6,5.6
EU,symmetra,New Queen Street,,57.4,3.3
EU,symmetra,Circuit Royal,,57.4,6.2
EU,symmetra,New Junk City,,57.4,5.5
EU,symmetra,Lijiang Tower,,56.2,7.0
EU,symmetra,Nepal,,55.7,8.1
EU,symmetra,Havana,,55.7,3.7
EU,symmetra,Oasis,,55.5,4.1
EU,symmetra,Watchpoint: Gibraltar,,54.8,3.3
EU,symmetra,Shambali Monastery,,54.8,4.4
EU,symmetra,Busan,,54.3,4.7
EU,symmetra,Colosseo,,54.0,3.6
EU,symmetra,Runasapi,,53.3,4.3
EU,symmetra,Junkertown,,52.7,3.3
EU,symmetra,Eichenwalde,,52.6,4.6
EU,symmetra,Paraíso,,52.0,4.2
EU,symmetra,Samoa,,51.6,5.7
EU,symmetra,Route 66,,51.6,5.1
EU,symmetra,Midtown,,50.3,6.8
EU,symmetra,Blizzard World,,48.1,5.0
EU,symmetra,Ilios,,47.7,3.6
EU,symmetra,Rialto,,47.4,3.8
EU,symmetra,Dorado,,46.6,3.6
EU,symmetra,Esperança,,40.9,2.7
ASIA,venture,Ilios,,63.9,2.6
ASIA,venture,Colosseo,,62.5,2.6
ASIA,venture,Blizzard World,,60.6,2.5
ASIA,venture,New Junk City,,57.4,4.5
ASIA,venture,Hollywood,,56.8,3.3
ASIA,venture,Runasapi,,54.7,2.7
ASIA,venture,Paraíso,,54.1,3.5
ASIA,venture,Esperança,,52.2,2.7
ASIA,venture,King's Row,,51.6,4.2
ASIA,venture,Oasis,,51.2,3.1
ASIA,venture,Havana,,50.7,3.8
ASIA,venture,Suravasa,,49.6,3.1
ASIA,venture,Watchpoint: Gibraltar,,49.6,2.2
ASIA,venture,Samoa,,49.4,4.0
ASIA,venture,Lijiang Tower,,49.2,2.9
ASIA,venture,Nepal,,48.9,3.4
ASIA,venture,Route 66,,47.5,3.4
ASIA,venture,Busan,,46.9,2.8
ASIA,venture,Dorado,,45.0,3.4
ASIA,venture,Circuit Royal,,42.3,2.3
ASIA,venture,Aatlis,,42.3,6.1
ASIA,venture,Shambali Monastery,,39.5,3.2
ASIA,venture,Midtown,,38.4,3.4
ASIA,venture,Rialto,,34.6,2.5
ASIA,venture,Numbani,,33.9,2.8
ASIA,venture,New Queen Street,,32.7,2.8
ASIA,venture,Eichenwalde,,29.5,3.7
ASIA,venture,Junkertown,,18.6,2.1
US,venture,Esperança,,62.3,2.5
US,venture,Runasapi,,59.4,3.3
US,venture,Circuit Royal,,57.7,2.3
US,venture,Rialto,,54.6,2.7
US,venture,Aatlis,,54.1,5.4
US,venture,Eichenwalde,,53.9,4.3
US,venture,Hollywood,,52.8,2.1
US,venture,King's Row,,52.1,4.1
US,venture,Shambali Monastery,,50.5,4.8
US,venture,Numbani,,48.2,2.2
US,venture,Ilios,,48.1,3.3
US,venture,Suravasa,,48.0,3.6
US,venture,New Queen Street,,48.0,2.9
US,venture,Lijiang Tower,,47.9,3.4
US,venture,Colosseo,,47.8,3.2
US,venture,Route 66,,47.2,3.4
US,venture,Oasis,,46.9,4.0
US,venture,New Junk City,,46.2,5.2
US,venture,Watchpoint: Gibraltar,,46.2,3.0
US,venture,Nepal,,46.2,3.3
US,venture,Busan,,45.7,3.3
US,venture,Paraíso,,44.8,3.5
US,venture,Samoa,,44.5,3.9
US,venture,Midtown,,35.3,3.8
US,venture,Blizzard World,,34.3,3.4
US,venture,Junkertown,,31.4,2.5
US,venture,Dorado,,28.9,3.2
US,venture,Havana,,26.5,1.9
EU,venture,Havana,,78.2,2.4
EU,venture,Route 66,,60.1,3.6
EU,venture,New Junk City,,58.5,7.0
EU,venture,Rialto,,57.5,3.5
EU,venture,Oasis,,56.1,4.2
EU,venture,Watchpoint: Gibraltar,,54.0,3.4
EU,venture,Hollywood,,52.1,3.3
EU,venture,Blizzard World,,51.7,2.9
EU,venture,Lijiang Tower,,51.1,4.7
EU,venture,Dorado,,51.1,4.2
EU,venture,Nepal,,50.8,4.1
EU,venture,Eichenwalde,,50.7,4.1
EU,venture,King's Row,,50.5,4.6
EU,venture,Aatlis,,50.2,7.0
EU,venture,Numbani,,49.9,4.4
EU,venture,Samoa,,49.5,3.7
EU,venture,New Queen Street,,49.3,3.7
EU,venture,Ilios,,48.8,4.1
EU,venture,Suravasa,,48.5,4.4
EU,venture,Esperança,,48.4,4.6
EU,venture,Runasapi,,48.2,3.6
EU,venture,Colosseo,,47.7,4.1
EU,venture,Busan,,47.7,4.0
EU,venture,Circuit Royal,,47.2,3.4
EU,venture,Shambali Monastery,,45.2,4.6
EU,venture,Paraíso,,41.3,2.8
EU,venture,Midtown,,38.3,4.4
EU,venture,Junkertown,,26.1,2.4
ASIA,lifeweaver,Samoa,,45.6,1.0
ASIA,lifeweaver,Nepal,,43.7,1.1
ASIA,lifeweaver,Havana,,43.3,2.3
ASIA,lifeweaver,Watchpoint: Gibraltar,,42.8,1.1
ASIA,lifeweaver,Route 66,,37.6,2.6
ASIA,lifeweaver,Blizzard World,,37.4,1.6
ASIA,lifeweaver,Hollywood,,35.4,1.8
ASIA,lifeweaver,Esperança,,33.6,0.9
ASIA,lifeweaver,Ilios,,33.3,1.0
ASIA,lifeweaver,Busan,,32.8,0.9
ASIA,lifeweaver,King's Row,,30.9,1.7
ASIA,lifeweaver,Suravasa,,30.8,1.0
ASIA,lifeweaver,New Queen Street,,27.5,1.2
ASIA,lifeweaver,Circuit Royal,,24.9,2.1
ASIA,lifeweaver,Oasis,,24.0,0.8
ASIA,lifeweaver,Aatlis,,23.8,0.7
ASIA,lifeweaver,Midtown,,22.0,1.6
ASIA,lifeweaver,Lijiang Tower,,21.7,1.2
ASIA,lifeweaver,Eichenwalde,,21.4,1.9
ASIA,lifeweaver,Shambali Monastery,,19.0,1.6
ASIA,lifeweaver,Runasapi,,17.2,0.9
ASIA,lifeweaver,Colosseo,,16.5,0.9
ASIA,lifeweaver,Numbani,,12.9,1.2
ASIA,lifeweaver,Rialto,,12.1,1.8
ASIA,lifeweaver,New Junk City,,10.0,0.5
ASIA,lifeweaver,Dorado,,1.4,0.8
ASIA,lifeweaver,Junkertown,,1.1,1.3
ASIA,lifeweaver,Paraíso,,0.0,3.2
US,lifeweaver,Paraíso,,68.7,4.5
US,lifeweaver,Busan,,59.9,2.2
US,lifeweaver,Nepal,,56.6,1.2
US,lifeweaver,Ilios,,55.3,2.1
US,lifeweaver,Numbani,,54.9,3.0
US,lifeweaver,Circuit Royal,,53.5,2.9
US,lifeweaver,Blizzard World,,51.8,2.9
US,lifeweaver,Samoa,,51.6,2.2
US,lifeweaver,Dorado,,49.7,2.5
US,lifeweaver,Watchpoint: Gibraltar,,49.4,3.7
US,lifeweaver,Midtown,,48.5,1.9
US,lifeweaver,Eichenwalde,,48.3,2.6
US,lifeweaver,New Queen Street,,47.8,1.7
US,lifeweaver,Shambali Monastery,,47.0,2.3
US,lifeweaver,Rialto,,46.2,2.8
US,lifeweaver,Havana,,44.1,2.1
US,lifeweaver,King's Row,,41.9,2.2
US,lifeweaver,New Junk City,,39.1,1.5
US,lifeweaver,Hollywood,,38.5,2.4
US,lifeweaver,Suravasa,,38.5,1.6
US,lifeweaver,Route 66,,37.6,2.9
US,lifeweaver,Lijiang Tower,,37.4,1.1
US,lifeweaver,Junkertown,,37.2,3.1
US,lifeweaver,Oasis,,37.2,1.7
US,lifeweaver,Aatlis,,35.6,1.4
US,lifeweaver,Colosseo,,35.6,1.3
US,lifeweaver,Runasapi,,30.8,1.7
US,lifeweaver,Esperança,,28.0,1.8
EU,lifeweaver,Havana,,64.0,2.7
EU,lifeweaver,Esperança,,58.5,1.9
EU,lifeweaver,Shambali Monastery,,54.2,2.5
EU,lifeweaver,Colosseo,,53.7,2.8
EU,lifeweaver,Watchpoint: Gibraltar,,52.7,2.8
EU,lifeweaver,Oasis,,52.1,2.4
EU,lifeweaver,Rialto,,52.1,2.6
EU,lifeweaver,Circuit Royal,,50.2,3.3
EU,lifeweaver,Ilios,,49.1,2.3
EU,lifeweaver,Blizzard World,,49.1,3.2
EU,lifeweaver,Hollywood,,48.8,3.1
EU,lifeweaver,Route 66,,48.7,2.8
EU,lifeweaver,New Junk City,,47.3,1.6
EU,lifeweaver,Nepal,,46.9,2.1
EU,lifeweaver,New Queen Street,,46.6,2.9
EU,lifeweaver,Midtown,,46.6,3.9
EU,lifeweaver,Paraíso,,45.7,1.7
EU,lifeweaver,Busan,,45.4,2.4
EU,lifeweaver,Suravasa,,44.4,1.4
EU,lifeweaver,Aatlis,,43.2,1.2
EU,lifeweaver,Samoa,,42.1,2.0
EU,lifeweaver,Runasapi,,40.8,1.7
EU,lifeweaver,King's Row,,38.8,2.7
EU,lifeweaver,Lijiang Tower,,35.9,1.7
EU,lifeweaver,Dorado,,34.9,2.8
EU,lifeweaver,Eichenwalde,,33.4,2.6
EU,lifeweaver,Numbani,,30.8,3.6
EU,lifeweaver,Junkertown,,24.6,2.5
ASIA,sombra,Paraíso,,79.6,4.0
ASIA,sombra,Havana,,62.5,2.5
ASIA,sombra,New Junk City,,61.4,2.2
ASIA,sombra,Rialto,,54.9,2.7
ASIA,sombra,Midtown,,53.8,1.6
ASIA,sombra,Shambali Monastery,,52.4,2.4
ASIA,sombra,Junkertown,,52.2,4.0
ASIA,sombra,Circuit Royal,,52.0,1.1
ASIA,sombra,Eichenwalde,,51.2,2.6
ASIA,sombra,Route 66,,50.3,2.4
ASIA,sombra,Busan,,48.3,4.1
ASIA,sombra,Lijiang Tower,,47.4,1.8
ASIA,sombra,Hollywood,,46.6,1.9
ASIA,sombra,Watchpoint: Gibraltar,,45.9,2.6
ASIA,sombra,Colosseo,,45.0,3.6
ASIA,sombra,Nepal,,44.0,2.6
ASIA,sombra,Samoa,,43.2,2.4
ASIA,sombra,Esperança,,42.9,3.0
ASIA,sombra,Suravasa,,41.9,4.5
ASIA,sombra,Oasis,,40.7,4.2
ASIA,sombra,Runasapi,,40.2,3.4
ASIA,sombra,Dorado,,39.7,2.8
ASIA,sombra,Ilios,,38.2,4.3
ASIA,sombra,Blizzard World,,35.7,3.5
ASIA,sombra,Aatlis,,33.6,2.3
ASIA,sombra,King's Row,,33.1,1.8
ASIA,sombra,New Queen Street,,32.3,4.6
ASIA,sombra,Numbani,,28.2,3.0
US,sombra,Numbani,,71.5,2.1
US,sombra,Eichenwalde,,63.5,1.8
US,sombra,Paraíso,,62.3,3.3
US,sombra,Hollywood,,59.2,2.0
US,sombra,New Junk City,,58.3,2.2
US,sombra,Colosseo,,57.1,2.7
US,sombra,Midtown,,54.3,1.7
US,sombra,Junkertown,,54.0,2.8
US,sombra,Samoa,,53.7,2.6
US,sombra,New Queen Street,,50.4,3.6
US,sombra,Oasis,,49.0,2.9
US,sombra,Blizzard World,,48.9,2.4
US,sombra,Ilios,,48.0,3.5
US,sombra,Route 66,,47.2,2.4
US,sombra,Suravasa,,46.8,2.5
US,sombra,King's Row,,45.7,1.7
US,sombra,Lijiang Tower,,44.6,2.0
US,sombra,Nepal,,42.6,2.3
US,sombra,Rialto,,42.2,2.3
US,sombra,Shambali Monastery,,40.7,2.0
US,sombra,Circuit Royal,,39.5,1.1
US,sombra,Esperança,,39.0,3.0
US,sombra,Runasapi,,37.6,2.7
US,sombra,Busan,,36.8,2.5
US,sombra,Watchpoint: Gibraltar,,36.5,2.0
US,sombra,Dorado,,35.8,2.7
US,sombra,Havana,,29.0,2.0
US,sombra,Aatlis,,24.8,2.0
EU,sombra,Paraíso,,76.7,3.9
EU,sombra,Midtown,,59.6,2.0
EU,sombra,Havana,,58.2,2.1
EU,sombra,Junkertown,,56.7,3.1
EU,sombra,Blizzard World,,54.1,2.5
EU,sombra,Eichenwalde,,53.6,2.6
EU,sombra,Shambali Monastery,,51.5,1.8
EU,sombra,Rialto,,50.7,2.6
EU,sombra,Suravasa,,48.8,3.4
EU,sombra,Runasapi,,48.2,3.5
EU,sombra,Nepal,,47.9,2.7
EU,sombra,Aatlis,,47.6,3.4
EU,sombra,Hollywood,,47.4,2.6
EU,sombra,Lijiang Tower,,47.3,2.5
EU,sombra,Colosseo,,47.1,3.7
EU,sombra,Ilios,,46.1,3.0
EU,sombra,Dorado,,44.4,2.5
EU,sombra,Busan,,44.1,3.2
EU,sombra,Circuit Royal,,43.3,1.1
EU,sombra,New Junk City,,41.8,2.3
EU,sombra,King's Row,,41.7,1.9
EU,sombra,New Queen Street,,41.0,3.9
EU,sombra,Watchpoint: Gibraltar,,40.8,3.2
EU,sombra,Samoa,,40.6,3.0
EU,sombra,Oasis,,40.1,3.4
EU,sombra,Route 66,,39.7,2.6
EU,sombra,Esperança,,39.0,3.0
EU,sombra,Numbani,,38.6,2.7
ASIA,brigitte,King's Row,,58.7,7.0
ASIA,brigitte,Runasapi,,57.5,8.7
ASIA,brigitte,Nepal,,57.1,8.3
ASIA,brigitte,Havana,,56.9,6.8
ASIA,brigitte,Rialto,,54.4,9.8
ASIA,brigitte,Shambali Monastery,,53.5,6.3
ASIA,brigitte,New Junk City,,51.7,7.3
ASIA,brigitte,Junkertown,,50.9,10.1
ASIA,brigitte,Watchpoint: Gibraltar,,50.4,14.8
ASIA,brigitte,Oasis,,50.1,10.6
ASIA,brigitte,Blizzard World,,49.9,8.2
ASIA,brigitte,Samoa,,49.8,9.6
ASIA,brigitte,Ilios,,49.5,13.1
ASIA,brigitte,Dorado,,49.2,14.8
ASIA,brigitte,New Queen Street,,48.2,9.2
ASIA,brigitte,Lijiang Tower,,46.3,8.5
ASIA,brigitte,Busan,,45.7,10.3
ASIA,brigitte,Suravasa,,45.4,8.2
ASIA,brigitte,Circuit Royal,,44.8,2.2
ASIA,brigitte,Hollywood,,44.7,8.4
ASIA,brigitte,Midtown,,44.1,5.8
ASIA,brigitte,Colosseo,,44.0,8.7
ASIA,brigitte,Numbani,,43.9,11.6
ASIA,brigitte,Paraíso,,42.9,8.6
ASIA,brigitte,Eichenwalde,,42.8,11.4
ASIA,brigitte,Route 66,,41.3,11.7
ASIA,brigitte,Esperança,,39.9,9.8
ASIA,brigitte,Aatlis,,39.4,9.7
US,brigitte,Havana,,65.9,2.9
US,brigitte,Runasapi,,56.6,7.9
US,brigitte,Route 66,,55.8,9.3
US,brigitte,Lijiang Tower,,53.2,7.0
US,brigitte,Samoa,,52.5,8.4
US,brigitte,Aatlis,,52.2,8.3
US,brigitte,Colosseo,,51.0,6.9
US,brigitte,Suravasa,,50.7,8.4
US,brigitte,Eichenwalde,,50.3,6.4
US,brigitte,Rialto,,50.3,7.6
US,brigitte,Junkertown,,49.9,8.5
US,brigitte,New Queen Street,,49.5,8.6
US,brigitte,Busan,,49.5,8.9
US,brigitte,Nepal,,49.4,8.2
US,brigitte,Paraíso,,49.3,11.6
US,brigitte,New Junk City,,48.7,7.3
US,brigitte,Oasis,,47.9,9.8
US,brigitte,Dorado,,47.1,16.4
US,brigitte,Ilios,,46.3,9.6
US,brigitte,Watchpoint: Gibraltar,,45.4,15.0
US,brigitte,King's Row,,45.2,5.1
US,brigitte,Hollywood,,45.2,9.3
US,brigitte,Blizzard World,,43.8,8.4
US,brigitte,Midtown,,41.9,5.6
US,brigitte,Shambali Monastery,,41.0,6.3
US,brigitte,Circuit Royal,,40.9,2.5
US,brigitte,Esperança,,40.7,9.6
US,brigitte,Numbani,,38.4,11.3
EU,brigitte,Junkertown,,60.3,8.8
EU,brigitte,Samoa,,54.4,6.1
EU,brigitte,Runasapi,,54.1,8.7
EU,brigitte,Midtown,,53.7,5.5
EU,brigitte,Hollywood,,52.0,7.7
EU,brigitte,New Queen Street,,51.7,8.2
EU,brigitte,Rialto,,51.1,7.2
EU,brigitte,Paraíso,,51.0,12.6
EU,brigitte,Route 66,,50.5,9.8
EU,brigitte,Dorado,,49.6,15.5
EU,brigitte,Lijiang Tower,,48.7,5.5
EU,brigitte,Shambali Monastery,,48.4,5.3
EU,brigitte,Suravasa,,48.0,7.3
EU,brigitte,Circuit Royal,,47.7,2.3
EU,brigitte,Busan,,47.5,8.0
EU,brigitte,Nepal,,47.4,7.2
EU,brigitte,Colosseo,,47.4,6.8
EU,brigitte,Havana,,46.9,3.6
EU,brigitte,Aatlis,,46.5,8.0
EU,brigitte,Ilios,,45.8,9.0
EU,brigitte,Watchpoint: Gibraltar,,45.7,12.5
EU,brigitte,New Junk City,,45.0,6.5
EU,brigitte,Numbani,,44.8,9.5
EU,brigitte,Eichenwalde,,44.4,6.6
EU,brigitte,Oasis,,44.1,7.9
EU,brigitte,Esperança,,44.1,7.7
EU,brigitte,Blizzard World,,43.7,8.0
EU,brigitte,King's Row,,40.3,5.0
ASIA,wreckingball,Hollywood,,62.2,5.1
ASIA,wreckingball,Esperança,,60.7,8.9
ASIA,wreckingball,Suravasa,,58.4,11.4
ASIA,wreckingball,Aatlis,,55.9,8.5
ASIA,wreckingball,Numbani,,55.6,6.1
ASIA,wreckingball,Eichenwalde,,54.7,6.4
ASIA,wreckingball,Ilios,,53.9,12.5
ASIA,wreckingball,Watchpoint: Gibraltar,,52.1,6.6
ASIA,wreckingball,Lijiang Tower,,51.7,8.7
ASIA,wreckingball,Oasis,,49.7,8.8
ASIA,wreckingball,Dorado,,49.7,6.9
ASIA,wreckingball,Midtown,,49.6,3.3
ASIA,wreckingball,Colosseo,,49.4,7.8
ASIA,wreckingball,Junkertown,,49.3,9.5
ASIA,wreckingball,Paraíso,,48.6,4.9
ASIA,wreckingball,Samoa,,47.6,6.7
ASIA,wreckingball,King's Row,,47.6,3.2
ASIA,wreckingball,Rialto,,47.2,5.7
ASIA,wreckingball,New Queen Street,,45.8,11.5
ASIA,wreckingball,Blizzard World,,45.8,7.3
ASIA,wreckingball,Runasapi,,43.4,8.4
ASIA,wreckingball,Nepal,,43.4,6.8
ASIA,wreckingball,Busan,,43.0,9.0
ASIA,wreckingball,New Junk City,,41.3,5.5
ASIA,wreckingball,Shambali Monastery,,40.1,5.6
ASIA,wreckingball,Route 66,,38.0,5.4
ASIA,wreckingball,Circuit Royal,,32.2,1.8
ASIA,wreckingball,Havana,,29.4,4.1
US,wreckingball,Junkertown,,60.6,8.1
US,wreckingball,Paraíso,,60.0,7.1
US,wreckingball,Colosseo,,58.7,7.0
US,wreckingball,Numbani,,55.3,7.2
US,wreckingball,Watchpoint: Gibraltar,,55.2,7.4
US,wreckingball,Route 66,,55.1,6.5
US,wreckingball,Rialto,,55.0,5.7
US,wreckingball,Ilios,,54.7,12.1
US,wreckingball,Dorado,,54.4,7.1
US,wreckingball,Esperança,,52.2,9.3
US,wreckingball,New Junk City,,51.8,5.3
US,wreckingball,Suravasa,,51.4,9.1
US,wreckingball,Hollywood,,51.2,5.2
US,wreckingball,Aatlis,,49.8,6.9
US,wreckingball,Circuit Royal,,49.3,3.7
US,wreckingball,Busan,,49.0,9.6
US,wreckingball,Lijiang Tower,,48.1,7.3
US,wreckingball,New Queen Street,,46.4,9.9
US,wreckingball,Oasis,,46.0,8.8
US,wreckingball,Runasapi,,45.9,7.4
US,wreckingball,Eichenwalde,,45.1,5.4
US,wreckingball,Shambali Monastery,,45.0,4.0
US,wreckingball,Nepal,,44.1,6.8
US,wreckingball,Midtown,,43.6,2.8
US,wreckingball,Samoa,,42.8,7.4
US,wreckingball,King's Row,,40.7,3.5
US,wreckingball,Blizzard World,,36.0,9.5
US,wreckingball,Havana,,33.3,2.9
EU,wreckingball,Dorado,,63.7,10.4
EU,wreckingball,New Queen Street,,60.6,13.3
EU,wreckingball,Numbani,,58.3,10.0
EU,wreckingball,New Junk City,,56.4,7.6
EU,wreckingball,Lijiang Tower,,55.9,10.5
EU,wreckingball,Ilios,,55.6,12.7
EU,wreckingball,Oasis,,55.5,10.5
EU,wreckingball,Watchpoint: Gibraltar,,54.7,10.6
EU,wreckingball,Aatlis,,54.1,8.0
EU,wreckingball,Route 66,,54.0,10.8
EU,wreckingball,Colosseo,,53.5,10.9
EU,wreckingball,Junkertown,,53.3,9.3
EU,wreckingball,Busan,,52.6,12.3
EU,wreckingball,Midtown,,52.2,4.9
EU,wreckingball,Havana,,52.0,5.8
EU,wreckingball,Esperança,,51.9,12.3
EU,wreckingball,Suravasa,,51.7,11.8
EU,wreckingball,King's Row,,50.6,5.9
EU,wreckingball,Rialto,,50.4,7.3
EU,wreckingball,Shambali Monastery,,50.1,8.7
EU,wreckingball,Nepal,,49.9,10.7
EU,wreckingball,Blizzard World,,49.0,11.2
EU,wreckingball,Eichenwalde,,47.0,9.9
EU,wreckingball,Runasapi,,46.6,11.1
EU,wreckingball,Samoa,,46.0,9.0
EU,wreckingball,Hollywood,,45.8,7.5
EU,wreckingball,Circuit Royal,,38.3,5.3
EU,wreckingball,Paraíso,,33.6,7.7
ASIA,torbjorn,Oasis,,60.4,1.7
ASIA,torbjorn,Runasapi,,59.3,1.7
ASIA,torbjorn,Colosseo,,58.4,1.6
ASIA,torbjorn,Ilios,,57.9,1.0
ASIA,torbjorn,Rialto,,56.7,1.3
ASIA,torbjorn,Junkertown,,55.8,3.8
ASIA,torbjorn,Nepal,,54.9,1.4
ASIA,torbjorn,Dorado,,53.0,1.5
ASIA,torbjorn,New Queen Street,,49.0,1.6
ASIA,torbjorn,Watchpoint: Gibraltar,,47.6,1.7
ASIA,torbjorn,Numbani,,47.1,1.3
ASIA,torbjorn,Samoa,,43.8,2.0
ASIA,torbjorn,Lijiang Tower,,43.5,1.6
ASIA,torbjorn,Aatlis,,43.4,1.4
ASIA,torbjorn,Midtown,,42.6,2.0
ASIA,torbjorn,Route 66,,42.5,2.4
ASIA,torbjorn,Suravasa,,39.6,2.1
ASIA,torbjorn,New Junk City,,38.1,1.7
ASIA,torbjorn,Busan,,37.7,2.4
ASIA,torbjorn,King's Row,,36.5,2.0
ASIA,torbjorn,Circuit Royal,,29.5,1.2
ASIA,torbjorn,Hollywood,,28.7,2.1
ASIA,torbjorn,Esperança,,25.5,1.5
ASIA,torbjorn,Blizzard World,,22.3,2.0
ASIA,torbjorn,Eichenwalde,,20.9,2.1
ASIA,torbjorn,Shambali Monastery,,19.3,1.8
ASIA,torbjorn,Havana,,16.5,1.2
ASIA,torbjorn,Paraíso,,3.4,1.9
US,torbjorn,Junkertown,,64.9,6.5
US,torbjorn,Suravasa,,54.3,4.2
US,torbjorn,Lijiang Tower,,54.3,2.6
US,torbjorn,New Junk City,,53.9,3.5
US,torbjorn,Busan,,53.9,3.5
US,torbjorn,Numbani,,53.7,4.3
US,torbjorn,King's Row,,53.6,4.3
US,torbjorn,Colosseo,,53.1,4.0
US,torbjorn,Dorado,,52.8,4.6
US,torbjorn,Samoa,,52.2,5.2
US,torbjorn,Esperança,,51.4,3.9
US,torbjorn,Paraíso,,51.1,2.3
US,torbjorn,Oasis,,51.0,3.6
US,torbjorn,Route 66,,50.3,5.8
US,torbjorn,New Queen Street,,50.0,3.4
US,torbjorn,Nepal,,49.8,3.5
US,torbjorn,Aatlis,,48.0,3.4
US,torbjorn,Havana,,47.3,3.3
US,torbjorn,Runasapi,,46.2,3.9
US,torbjorn,Hollywood,,46.2,5.7
US,torbjorn,Watchpoint: Gibraltar,,45.1,4.8
US,torbjorn,Ilios,,44.3,3.8
US,torbjorn,Circuit Royal,,42.9,3.5
US,torbjorn,Rialto,,41.5,4.0
US,torbjorn,Eichenwalde,,39.3,4.1
US,torbjorn,Shambali Monastery,,38.8,3.9
US,torbjorn,Midtown,,38.2,4.2
US,torbjorn,Blizzard World,,34.2,4.6
EU,torbjorn,Midtown,,63.0,2.4
EU,torbjorn,Busan,,60.8,2.6
EU,torbjorn,Nepal,,57.4,1.9
EU,torbjorn,Samoa,,54.4,2.6
EU,torbjorn,New Queen Street,,53.4,2.6
EU,torbjorn,Ilios,,53.2,2.0
EU,torbjorn,Aatlis,,51.8,1.9
EU,torbjorn,Shambali Monastery,,51.1,2.3
EU,torbjorn,Esperança,,50.8,2.2
EU,torbjorn,Hollywood,,49.6,3.5
EU,torbjorn,King's Row,,47.8,2.7
EU,torbjorn,Junkertown,,47.2,2.0
EU,torbjorn,Route 66,,46.6,3.6
EU,torbjorn,Colosseo,,46.3,2.5
EU,torbjorn,Rialto,,46.1,2.7
EU,torbjorn,Dorado,,45.8,2.4
EU,torbjorn,Lijiang Tower,,44.6,1.8
EU,torbjorn,Watchpoint: Gibraltar,,43.2,2.5
EU,torbjorn,Havana,,42.8,3.2
EU,torbjorn,Suravasa,,42.3,2.5
EU,torbjorn,Oasis,,41.1,2.1
EU,torbjorn,New Junk City,,39.3,2.7
EU,torbjorn,Runasapi,,38.6,1.5
EU,torbjorn,Eichenwalde,,36.8,3.1
EU,torbjorn,Blizzard World,,36.6,3.4
EU,torbjorn,Paraíso,,36.6,3.2
EU,torbjorn,Circuit Royal,,34.6,1.6
EU,torbjorn,Numbani,,18.9,3.1
ASIA,mauga,Route 66,,83.9,0.6
ASIA,mauga,King's Row,,80.0,0.6
ASIA,mauga,Busan,,70.9,1.6
ASIA,mauga,Colosseo,,53.1,0.6
ASIA,mauga,Hollywood,,50.0,0.3
ASIA,mauga,New Junk City,,48.3,1.1
ASIA,mauga,Dorado,,47.9,0.6
ASIA,mauga,Suravasa,,46.3,0.8
ASIA,mauga,Blizzard World,,45.6,0.6
ASIA,mauga,Ilios,,45.6,0.7
ASIA,mauga,Shambali Monastery,,42.8,0.7
ASIA,mauga,Nepal,,41.4,0.7
ASIA,mauga,Runasapi,,40.7,1.1
ASIA,mauga,Midtown,,40.2,0.2
ASIA,mauga,Numbani,,37.6,0.2
ASIA,mauga,Circuit Royal,,36.5,0.4
ASIA,mauga,Samoa,,32.2,0.8
ASIA,mauga,Eichenwalde,,29.3,0.6
ASIA,mauga,Aatlis,,27.5,1.3
ASIA,mauga,Lijiang Tower,,25.3,0.6
ASIA,mauga,Watchpoint: Gibraltar,,24.7,0.4
ASIA,mauga,Oasis,,24.1,0.8
ASIA,mauga,Esperança,,19.0,0.8
ASIA,mauga,Havana,,17.5,0.4
ASIA,mauga,Junkertown,,13.9,0.3
ASIA,mauga,New Queen Street,,10.5,0.5
ASIA,mauga,Rialto,,9.6,0.5
ASIA,mauga,Paraíso,,0.0,1.2
US,mauga,Aatlis,,63.1,5.2
US,mauga,Circuit Royal,,62.9,2.4
US,mauga,New Junk City,,61.0,5.3
US,mauga,Suravasa,,60.3,4.2
US,mauga,Esperança,,57.6,4.4
US,mauga,Colosseo,,57.5,3.5
US,mauga,King's Row,,56.7,2.9
US,mauga,Midtown,,56.2,2.3
US,mauga,Route 66,,55.9,3.1
US,mauga,Paraíso,,54.8,1.9
US,mauga,Dorado,,52.1,2.5
US,mauga,Samoa,,51.5,4.5
US,mauga,Lijiang Tower,,51.2,4.0
US,mauga,Numbani,,50.8,3.1
US,mauga,Watchpoint: Gibraltar,,49.1,2.3
US,mauga,Oasis,,48.4,4.3
US,mauga,Hollywood,,47.4,3.4
US,mauga,Eichenwalde,,47.4,3.9
US,mauga,Rialto,,47.1,3.0
US,mauga,Nepal,,46.3,3.6
US,mauga,Runasapi,,46.2,4.5
US,mauga,New Queen Street,,45.7,4.0
US,mauga,Busan,,44.1,4.7
US,mauga,Havana,,40.3,2.2
US,mauga,Ilios,,37.3,3.4
US,mauga,Shambali Monastery,,33.1,3.6
US,mauga,Junkertown,,26.7,2.3
US,mauga,Blizzard World,,15.4,2.0
EU,mauga,Havana,,66.2,1.9
EU,mauga,Junkertown,,62.6,2.0
EU,mauga,New Queen Street,,62.1,3.5
EU,mauga,Shambali Monastery,,61.1,2.4
EU,mauga,Suravasa,,56.3,3.5
EU,mauga,Busan,,54.4,3.8
EU,mauga,Watchpoint: Gibraltar,,54.2,2.1
EU,mauga,Circuit Royal,,52.1,1.5
EU,mauga,Esperança,,51.4,3.2
EU,mauga,Colosseo,,51.3,3.3
EU,mauga,Eichenwalde,,51.1,3.5
EU,mauga,Oasis,,50.7,3.0
EU,mauga,Lijiang Tower,,50.6,3.0
EU,mauga,King's Row,,50.3,2.6
EU,mauga,Samoa,,49.8,3.3
EU,mauga,Runasapi,,49.5,3.5
EU,mauga,Nepal,,48.1,2.6
EU,mauga,Hollywood,,47.6,2.3
EU,mauga,New Junk City,,47.5,4.2
EU,mauga,Ilios,,45.3,2.4
EU,mauga,Dorado,,44.5,2.3
EU,mauga,Route 66,,41.2,2.2
EU,mauga,Rialto,,40.7,2.3
EU,mauga,Midtown,,40.2,1.8
EU,mauga,Aatlis,,38.9,3.7
EU,mauga,Paraíso,,32.7,0.6
EU,mauga,Blizzard World,,32.3,1.7
EU,mauga,Numbani,,24.9,2.2
ASIA,junkerqueen,Havana,,67.0,0.4
ASIA,junkerqueen,Runasapi,,65.1,0.6
ASIA,junkerqueen,Lijiang Tower,,61.1,0.6
ASIA,junkerqueen,Suravasa,,59.2,1.2
ASIA,junkerqueen,Colosseo,,57.0,0.7
ASIA,junkerqueen,Samoa,,56.2,1.5
ASIA,junkerqueen,Midtown,,55.2,1.0
ASIA,junkerqueen,Ilios,,51.8,0.6
ASIA,junkerqueen,New Junk City,,51.0,2.1
ASIA,junkerqueen,New Queen Street,,50.7,1.1
ASIA,junkerqueen,Aatlis,,49.9,1.3
ASIA,junkerqueen,Nepal,,45.3,0.5
ASIA,junkerqueen,Paraíso,,42.7,0.8
ASIA,junkerqueen,Oasis,,40.0,1.3
ASIA,junkerqueen,King's Row,,36.2,0.6
ASIA,junkerqueen,Shambali Monastery,,32.4,0.5
ASIA,junkerqueen,Hollywood,,32.3,0.3
ASIA,junkerqueen,Busan,,30.1,0.7
ASIA,junkerqueen,Dorado,,29.2,0.6
ASIA,junkerqueen,Watchpoint: Gibraltar,,28.2,0.1
ASIA,junkerqueen,Esperança,,28.0,0.6
ASIA,junkerqueen,Numbani,,25.5,0.5
ASIA,junkerqueen,Rialto,,25.3,0.6
ASIA,junkerqueen,Eichenwalde,,22.3,0.5
ASIA,junkerqueen,Circuit Royal,,10.7,0.3
ASIA,junkerqueen,Blizzard World,,7.8,0.3
ASIA,junkerqueen,Route 66,,1.0,0.4
ASIA,junkerqueen,Junkertown,,0.3,0.5
US,junkerqueen,New Junk City,,57.3,9.4
US,junkerqueen,Runasapi,,57.0,5.5
US,junkerqueen,Route 66,,56.8,2.2
US,junkerqueen,Blizzard World,,56.7,2.3
US,junkerqueen,Hollywood,,55.8,2.9
US,junkerqueen,Aatlis,,55.8,7.1
US,junkerqueen,New Queen Street,,55.0,4.2
US,junkerqueen,Samoa,,54.2,4.8
US,junkerqueen,Nepal,,52.9,4.4
US,junkerqueen,Numbani,,52.4,1.9
US,junkerqueen,Suravasa,,51.8,6.7
US,junkerqueen,Busan,,50.3,4.9
US,junkerqueen,Paraíso,,49.8,1.1
US,junkerqueen,Ilios,,49.6,3.7
US,junkerqueen,King's Row,,47.7,3.8
US,junkerqueen,Eichenwalde,,47.2,4.0
US,junkerqueen,Circuit Royal,,47.2,1.1
US,junkerqueen,Colosseo,,46.7,5.2
US,junkerqueen,Midtown,,46.3,2.0
US,junkerqueen,Lijiang Tower,,45.4,5.9
US,junkerqueen,Esperança,,45.4,4.8
US,junkerqueen,Havana,,45.3,1.6
US,junkerqueen,Shambali Monastery,,42.3,3.0
US,junkerqueen,Oasis,,41.5,5.5
US,junkerqueen,Dorado,,40.7,2.1
US,junkerqueen,Watchpoint: Gibraltar,,37.1,1.7
US,junkerqueen,Rialto,,33.6,2.3
US,junkerqueen,Junkertown,,25.5,2.2
EU,junkerqueen,New Junk City,,63.3,7.7
EU,junkerqueen,Aatlis,,59.5,6.3
EU,junkerqueen,Busan,,55.9,4.2
EU,junkerqueen,Dorado,,55.3,1.9
EU,junkerqueen,Midtown,,55.3,3.8
EU,junkerqueen,Suravasa,,55.2,5.2
EU,junkerqueen,Esperança,,54.6,4.4
EU,junkerqueen,Rialto,,53.9,2.7
EU,junkerqueen,Colosseo,,53.4,4.4
EU,junkerqueen,Oasis,,50.2,5.5
EU,junkerqueen,Lijiang Tower,,50.1,4.8
EU,junkerqueen,Eichenwalde,,49.2,3.5
EU,junkerqueen,Ilios,,48.2,3.0
EU,junkerqueen,Runasapi,,48.1,4.0
EU,junkerqueen,New Queen Street,,47.9,3.9
EU,junkerqueen,Route 66,,47.1,3.6
EU,junkerqueen,King's Row,,46.3,3.8
EU,junkerqueen,Samoa,,44.0,4.3
EU,junkerqueen,Nepal,,43.6,3.8
EU,junkerqueen,Shambali Monastery,,42.7,2.7
EU,junkerqueen,Blizzard World,,40.9,3.1
EU,junkerqueen,Hollywood,,40.1,2.9
EU,junkerqueen,Junkertown,,39.8,2.6
EU,junkerqueen,Circuit Royal,,39.0,1.3
EU,junkerqueen,Watchpoint: Gibraltar,,36.6,2.0
EU,junkerqueen,Numbani,,25.5,0.9
EU,junkerqueen,Paraíso,,22.9,2.8
EU,junkerqueen,Havana,,20.0,1.2
ASIA,hazard,Route 66,,64.1,1.9
ASIA,hazard,King's Row,,59.4,1.0
ASIA,hazard,Numbani,,55.6,2.9
ASIA,hazard,Busan,,53.7,1.5
ASIA,hazard,Colosseo,,51.1,1.5
ASIA,hazard,Circuit Royal,,50.6,0.7
ASIA,hazard,Watchpoint: Gibraltar,,50.5,4.0
ASIA,hazard,Blizzard World,,49.7,1.0
ASIA,hazard,Midtown,,48.8,0.7
ASIA,hazard,Ilios,,48.5,3.9
ASIA,hazard,Shambali Monastery,,47.3,1.2
ASIA,hazard,Samoa,,46.9,1.5
ASIA,hazard,Aatlis,,45.2,3.5
ASIA,hazard,Esperança,,44.9,1.2
ASIA,hazard,Nepal,,44.5,1.9
ASIA,hazard,New Junk City,,43.3,2.4
ASIA,hazard,Runasapi,,41.7,2.1
ASIA,hazard,Eichenwalde,,41.2,3.5
ASIA,hazard,Lijiang Tower,,36.7,1.2
ASIA,hazard,Oasis,,35.3,1.8
ASIA,hazard,New Queen Street,,34.1,1.5
ASIA,hazard,Suravasa,,33.3,2.1
ASIA,hazard,Dorado,,31.2,2.1
ASIA,hazard,Rialto,,31.2,1.7
ASIA,hazard,Hollywood,,28.6,1.8
ASIA,hazard,Paraíso,,25.3,3.2
ASIA,hazard,Junkertown,,12.9,1.3
ASIA,hazard,Havana,,0.0,0.2
US,hazard,Circuit Royal,,73.7,0.4
US,hazard,Junkertown,,72.7,1.6
US,hazard,Blizzard World,,64.7,2.4
US,hazard,Havana,,62.9,0.5
US,hazard,Runasapi,,60.1,2.3
US,hazard,New Junk City,,56.6,2.8
US,hazard,King's Row,,55.4,1.8
US,hazard,Ilios,,54.9,4.4
US,hazard,Nepal,,52.4,2.1
US,hazard,Colosseo,,50.6,2.1
US,hazard,Aatlis,,49.9,3.3
US,hazard,New Queen Street,,49.1,2.7
US,hazard,Busan,,47.7,2.0
US,hazard,Suravasa,,46.5,2.8
US,hazard,Rialto,,45.7,2.2
US,hazard,Esperança,,45.7,2.9
US,hazard,Oasis,,45.4,3.9
US,hazard,Samoa,,44.6,2.3
US,hazard,Lijiang Tower,,43.6,2.0
US,hazard,Watchpoint: Gibraltar,,43.6,6.6
US,hazard,Dorado,,42.3,4.6
US,hazard,Shambali Monastery,,40.9,1.3
US,hazard,Midtown,,40.2,1.0
US,hazard,Eichenwalde,,39.4,1.7
US,hazard,Paraíso,,39.2,3.9
US,hazard,Hollywood,,39.2,2.0
US,hazard,Route 66,,38.8,2.0
US,hazard,Numbani,,34.3,4.7
EU,hazard,Midtown,,64.8,2.6
EU,hazard,Circuit Royal,,63.2,1.0
EU,hazard,New Queen Street,,53.0,4.0
EU,hazard,Eichenwalde,,52.7,3.3
EU,hazard,Nepal,,52.1,5.0
EU,hazard,Esperança,,51.1,4.4
EU,hazard,Shambali Monastery,,51.0,3.6
EU,hazard,Aatlis,,49.6,5.7
EU,hazard,Blizzard World,,49.5,3.5
EU,hazard,Lijiang Tower,,48.6,4.0
EU,hazard,Runasapi,,48.6,3.8
EU,hazard,Rialto,,47.6,4.9
EU,hazard,Samoa,,47.4,4.1
EU,hazard,Watchpoint: Gibraltar,,46.9,9.5
EU,hazard,Junkertown,,46.7,2.5
EU,hazard,Ilios,,46.6,6.8
EU,hazard,New Junk City,,46.1,4.8
EU,hazard,King's Row,,45.9,2.5
EU,hazard,Suravasa,,45.1,4.6
EU,hazard,Dorado,,42.6,8.2
EU,hazard,Busan,,42.4,5.0
EU,hazard,Route 66,,42.2,4.6
EU,hazard,Oasis,,42.1,5.6
EU,hazard,Colosseo,,41.6,3.9
EU,hazard,Havana,,41.1,1.2
EU,hazard,Paraíso,,41.1,5.0
EU,hazard,Hollywood,,38.7,4.5
EU,hazard,Numbani,,32.5,5.7
